,2201 / Zen,Abraxas U.,Amber M.,Angello G.,Alessor Ikasati,Anya C.,Axis,BARRETT,Bow,Bubbler B,Buddy,Byou,Camilla A.,Carolynn,C.C. Ghestalt,Cersei,Chroma ,Cinna Verum,Clair K.,Clancy S.,"Conclave ""Cathedral""",Cool,Corson Ludwig,Daisy,Dior,Dogz,Ellion Harper,Elio Nephele, Emmet E.,Exodia A.,Felia,Fellis Ori,Fixion,Flock V.,Geneviève F.,"""Goose"" Broker, Caroline",Greyson Stallion.,Halo Graves,Hazard F.,Ignacios Huertas,Infinity,P. ' Jabber' W.,Jack. B,Jasper R. Mae,Jed 'Aviator',Kathrine C.,Kathy H,Kurto Joyce,Leonidas P.,Lilium E.,Lillie,LUC1,Lucky,Macchi,Mackenzie A.,Magnolia A.,Magnolia P.B,Mhelchie ♡,Midas,Mint,Molly C.,Monty R.,Murphy,Narva,Noa M.,Obsidra Di M.,Oscar I.,Paris D,Peter,Qiangwei,Rachet B.,Rae,Rami F.,Ren Yuki,Ronin,Rosa S.,Ruth F,Sakura E.,Sammy G.,Scott C.,Scott,Seth G,Sierra B.,Sisuvipen,"Stoney ""SIX""",Tart Torte,Tessa M.,TimeShell,Toby B.,Tyrese W.,U. SPROUTMAN,991v1,VANDO,Vega,Victoria P.,Violet. M,Vyse A.,,WATCHDOG,Wraith-01,Wraur,Xander,Xeone,ZL0
2201 / Zen,ANGUISH,,NOT MET,CURIOUS,NOT MET,,CAUTIOUS,FOND,RESPECT,AMUSED,,LIKE,,NOT MET,NOT MET,FOUND FAMILY,,FOND,LIKE,NOT MET,,NOT MET,AMUSED,,NOT MET,NOT MET,,NOT MET,NOT MET,LIKE,,FRIEND,,,,,,NOT MET,NOT MET,LIKE,,,FRIEND,,NOT MET,LIKE,NOT MET,BEST FRIEND,NOT MET,NOT MET,NOT MET,NOT MET,,NOT MET,LIKE,,NOT MET,,NOT MET,NOT MET,NOT MET,,,,,LIKE,NOT MET,NOT MET,NOT MET,NOT MET,NOT MET,FRIEND,LIKE,,FRIEND,LIKE,FRIEND,FRIEND,FRIEND,NOT MET,NOT MET,,,NOT MET,NOT MET,NOT MET,FRIEND,NOT MET,AMUSED,NOT MET,NOT MET,NOT MET,FOND,CURIOUS,,NOT MET,FRIEND,,NOT MET,NOT MET,FRIEND,NOT MET,,NOT MET
Abraxas U.,NOT MET,CONCERNED,NOT MET,NOT MET,NOT MET,,RESPECT,NOT MET,RESPECT,NOT MET,NOT MET,RESPECT,,NOT MET,NOT MET,TOLERATE,,NOT MET,RESPECT,NOT MET,,NOT MET,RESPECT,,NOT MET,NOT MET,,NOT MET,NOT MET,NOT MET,,FRIEND,,,,,,NOT MET,NOT MET,RESPECT,,,NOT MET,FINE,NOT MET,RESPECT,NOT MET,FINE,NOT MET,RESPECT,NOT MET,NOT MET,,NOT MET,NOT MET,,NOT MET,,RESPECT,NOT MET,NOT MET,,NOT MET,,NOT MET,RESPECT,NOT MET,NOT MET,NOT MET,NOT MET,NOT MET,NOT MET,FRIEND,,NOT MET,NOT MET,NOT MET,FRIEND,NOT MET,NOT MET,NOT MET,,,NOT MET,NOT MET,NOT MET,NOT MET,NOT MET,NOT MET,NOT MET,NOT MET,NOT MET,RESPECT,NOT MET,,,,,NOT MET,NOT MET,FRIEND,NOT MET,,NOT MET
Amber M.,,,PROUD,,,,,,FAMILY,RESPECT,FRIEND,,,,,NOT MET,,RESPECT,FRIEND,RESPECT,,,,,NOT MET,,,,,FRIEND,,,,,,,,,,,,,,FAMILY,,RESPECT,,RESPECT,,FRIEND,,NOT MET,,NOT MET,FRIEND,,,,,,,,,,,,,,,,FRIEND,,,,,,,RESPECT,FRIEND,,,,,,,,,,,FRIEND,,,,,,,,,,,,,,
Angello G.,LIKE,NOT MET,NOT MET,CONFLICTED,NOT MET,NOT MET,FINE,FINE,RESPECT,AMUSED,NOT MET,FINE,NOT MET,FINE,NOT MET,NOT MET,NOT MET,RESPECT,RESPECT,NOT MET,NOT MET,NOT MET,LIKE,CURIOUS,NOT MET,NOT MET,NOT MET,NOT MET,CLOSE,NOT MET,NOT MET,CURIOUS,RESPECT,NOT MET,RESPECT,NOT MET,NOT MET,NOT MET,NOT MET,CURIOUS,,RESPECT,CURIOUS,NOT MET,NOT MET,RESPECT,NOT MET,INTRIGUED,NOT MET,NOT MET,NOT MET,NOT MET,LIKE,NOT MET,INTRIGUED,NOT MET,NOT MET,NOT MET,NOT MET,NOT MET,NOT MET,,INTRIGUED,NOT MET,NOT MET,RESPECT,NOT MET,NOT MET,NOT MET,NOT MET,LIKE,FINE,UNSURE,NOT MET,NOT MET,FRIEND,NOT MET,NOT MET,LIKE,NOT MET,NOT MET,INTRIGUED,NOT MET,NOT MET,CURIOUS,NOT MET,CURIOUS,FINE,BEST FRIEND,NOT MET,NOT MET,NOT MET,AMUSED,FINE,,NOT MET,CURIOUS,,FRIEND,NOT MET,NOT MET,NOT MET,NOT MET,CURIOUS
Alessor Ikasati,NOT MET,,NOT MET,,,,NOT MET,NOT MET,,,,APATHETIC,,,NOT MET,NOT MET,,,NOT MET,,,NOT MET,,,NOT MET,NOT MET,,,,NOT MET,,,,,,,,NOT MET,NOT MET,,,,NOT MET,,TOLERATE,,NOT MET,,,NOT MET,NOT MET,NOT MET,,,NOT MET,,NOT MET,,,NOT MET,NOT MET,,,,,,,,TOLERATE,NOT MET,,,NOT MET,,NOT MET,,NOT MET,,NOT MET,,,,,NOT MET,,NOT MET,NOT MET,,,,NOT MET,RESPECT,,NOT MET,,,,,,,,NOT MET,,
Anya C.,FRIEND,ADMIRE,CURIOUS,NOT MET,NOT MET,SOMBER,CURIOUS,CONCERNED,LIKE,CURIOUS,CURIOUS,CURIOUS,NOT MET,FOND,NOT MET,FOUND FAMILY,,FOND,FRIEND,FRIEND,,NOT MET,CURIOUS,NOT MET,NOT MET,NOT MET,NOT MET,NOT MET,NOT MET,RESPECT,NOT MET,CURIOUS,,,,FOND,,NOT MET,CURIOUS,CURIOUS,,NOT MET,FRIEND,NOT MET,NOT MET,CONCERNED,FRIEND,FRIEND,NOT MET,APOLOGETIC,NOT MET,NOT MET,,NOT MET,NOT MET,CLOSE,NOT MET,NOT MET,NOT MET,NOT MET,NOT MET,,CURIOUS,NOT MET,NOT MET,CURIOUS,NOT MET,CLOSE,NOT MET,NOT MET,CLOSE,APOLOGETIC,NOT MET,,FRIEND,FRIEND,BEST FRIEND,REMORSEFUL,FRIEND,NOT MET,NOT MET,,,NOT MET,NOT MET,NOT MET,FRIEND,NOT MET,NOT MET,NOT MET,NOT MET,NOT MET,LOYAL,NOT MET,,NOT MET,FRIEND,,NOT MET,NOT MET,NOT MET,NOT MET,,NOT MET
Axis,Like,,,,,,ME,,,,,Respect,,,,RESPECT,,,Respect,,,Like,,,ASHAMED,,,,,,,,,,,,,,,,,,,,,,,,,,,NOT MET,,,Respect,,,,,,Like,,,,,,,,,,,,,,Curious,,,,Like,,,,,,,,,Met,,,Close Friend,,,Close Friend,,,,,,,,Like,,
BARRETT,,,,,,,,,,,,,,,,FOUND FAMILY,,,,,,,,,NOT MET,,,,,,,,,,,,,,,,,,,,,,,,,,,NOT MET,,,,,,,,,,,,,,,,,,,,,,,,,,,,,,,,,,,,,,,,,,,,,,,,,,,,
Bow,NOT MET,AMUSED,FOND,NOT MET,NOT MET,,FINE,NOT MET,TORMENTED,NOT MET,NOT MET,FRIEND,NOT MET,AMUSED,FINE,CURIOUS,,FRIEND,FRIEND,CURIOUS,,NOT MET,RESPECT,NOT MET,AMUSED,NOT MET,NOT MET,NOT MET,NOT MET,NOT MET,NOT MET,RESPECT,,,,AMUSED,,NOT MET,NOT MET,FRIEND,,UNSURE,NOT MET,LIKE,NOT MET,CLOSE,NOT MET,FRIEND,AMUSED,RESPECT,NOT MET,NOT MET,,AMUSED,FRIEND,CURIOUS,CURIOUS,AMUSED,NOT MET,NOT MET,AMUSED,,RESPECT,NOT MET,NOT MET,FRIEND,NOT MET,AMUSED,NOT MET,NOT MET,NOT MET,NOT MET,TOLERATE,,NOT MET,NOT MET,NOT MET,NOT MET,RESPECT,NOT MET,NOT MET,,,NOT MET,NOT MET,NOT MET,,,,,RESPECT,,FRIEND,,,,,,NOT MET,NOT MET,,,,NOT MET
Bubbler B,RESPECT,,NOT MET,BORED,NOT MET,NOT MET,NOT MET,NOT MET,NOT MET,DESPISE,NOT MET,NOT MET,INTRIGUED,NOT MET,NOT MET,evil ginger,,INTRIGUED,NOT MET,NOT MET,,NOT MET,NOT MET,NOT MET,NOT MET,NOT MET,NOT MET,NOT MET,BEST FRIEND,NOT MET,,NOT MET,,NOT MET,,NOT MET,NOT MET,NOT MET,NOT MET,NOT MET,,INTRIGUED,NOT MET,NOT MET,NOT MET,HORRIFIED,NOT MET,CURIOUS,BEST FRIEND,NOT MET,NOT MET,NOT MET,,FRIEND,FRIEND,NOT MET,NOT MET,NOT MET,NOT MET,NOT MET,NOT MET,,RESPECT,NOT MET,NOT MET,NOT MET,NOT MET,FINE,NOT MET,NOT MET,NOT MET,LIKE,FRIEND,NOT MET,UNSURE,UNSURE,FRIEND,NOT MET,FINE,NOT MET,NOT MET,,,NOT MET,NOT MET,ANNOYED,FINE,NOT MET,FINE,NOT MET,NOT MET,NOT MET,BEST FRIEND,NOT MET,,NOT MET,NOT MET,,NOT MET,NOT MET,BEST FRIEND,NOT MET,NOT MET,NOT MET
Buddy,CURIOUS,NOT MET,LIKE,NOT MET,NOT MET,,CURIOUS,NOT MET,LIKE,NOT MET,CONFLICTED,NOT MET,,NOT MET,NOT MET,CURIOUS,,CURIOUS,LIKE,NOT MET,,CURIOUS,LIKE,,NOT MET,NOT MET,,NOT MET,NOT MET,CURIOUS,,CURIOUS,,,,,,NOT MET,NOT MET,NOT MET,,,NOT MET,NOT MET,NOT MET,WARY,NOT MET,CURIOUS,NOT MET,CURIOUS,NOT MET,NOT MET,,NOT MET,LIKE,,NOT MET,,NOT MET,NOT MET,CURIOUS,,AMUSED,,FRIEND,LIKE,NOT MET,NOT MET,NOT MET,NOT MET,NOT MET,NOT MET,CURIOUS,,NOT MET,NOT MET,NOT MET,NOT MET,BEST FRIEND,NOT MET,NOT MET,,,NOT MET,NOT MET,NOT MET,NOT MET,NOT MET,NOT MET,NOT MET,LIKE,NOT MET,NOT MET,LIKE,,,,,NOT MET,NOT MET,NOT MET,NOT MET,,NOT MET
Byou,FOND,,,,LIKE,,,,,,,Byou,,LIKE,,AMUSED,,,LIKE,,,,,,FOND,CONFLICTED,,LIKE,,,,,,,,,,LIKE,,,,,LIKE,,UNSURE,,NOT MET,,,LIKE,,NOT MET,,,FOND,,CLOSE,,,,,,,,,,,,,,,,CLOSE,,,,,,,,,,,,LIKE,,NOT MET,ADORE,,,FOND,NOT MET,,LIKE,,,,,FOND,,,FOND,,LIKE
Camilla A.,FINE,NOT MET,NOT MET,NOT MET,NOT MET,NOT MET,INTRIGUED,NOT MET,RESPECT,UNSURE,UNSURE,FRIEND,HOMICIDAL,TOLERATE,NOT MET,NOT MET,,LOYAL,FOND,NOT MET,,NOT MET,LIKE,NOT MET,NOT MET,NOT MET,NOT MET,NOT MET,NOT MET,FINE,NOT MET,FINE,NOT MET,NOT MET,INTRIGUED,CURIOUS,AMUSED,NOT MET,NOT MET,AMUSED,,NOT MET,NOT MET,NOT MET,NOT MET,RESPECT,CURIOUS,LIKE,NOT MET,CURIOUS,NOT MET,NOT MET,,NOT MET,AMUSED,NOT MET,AMUSED,NOT MET,NOT MET,NOT MET,NOT MET,,LOYAL,NOT MET,NOT MET,FINE,NOT MET,NOT MET,NOT MET,NOT MET,NOT MET,RESPECT,UNSURE,RESPECT,NOT MET,NOT MET,NOT MET,NOT MET,NOT MET,NOT MET,NOT MET,,NOT MET,NOT MET,NOT MET,NOT MET,NOT MET,NOT MET,TOLERATE,NOT MET,NOT MET,NOT MET,LEAF,NOT MET,,NOT MET,NOT MET,,NOT MET,NOT MET,NOT MET,NOT MET,NOT MET,NOT MET
Carolynn,,,,,,,,,,,,,,,,NOT MET,,,,,,,,,NOT MET,,,,,,,,,,,,,,,,,,,,,,,,,,,NOT MET,,,,,,,,,,,,,,,,,,,,,,,,,,,,,,,,,,,,,,,,,,,,,,,,,,,,
C.C. Ghestalt,NOT MET,FINE,NOT MET,NOT MET,NOT MET,NOT MET,NOT MET,NOT MET,NOT MET,NOT MET,NOT MET,NOT MET,NOT MET,NOT MET,"""It's me!""",NOT MET,,NOT MET,NOT MET,NOT MET,,NOT MET,NOT MET,NOT MET,NOT MET,UNSURE,NOT MET,NOT MET,NOT MET,LIKE,NOT MET,LIKE,,,,NOT MET,,NOT MET,NOT MET,NOT MET,,NOT MET,NOT MET,NOT MET,NOT MET,RESPECT,NOT MET,LIKE,NOT MET,NOT MET,NOT MET,NOT MET,,NOT MET,RESPECT,NOT MET,NOT MET,NOT MET,NOT MET,NOT MET,NOT MET,,NOT MET,NOT MET,FINE,FINE,NOT MET,NOT MET,NOT MET,NOT MET,FINE,LIKE,RESPECT,,NOT MET,NOT MET,NOT MET,NOT MET,NOT MET,NOT MET,NOT MET,,,NOT MET,NOT MET,AMUSED,NOT MET,NOT MET,NOT MET,NOT MET,NOT MET,NOT MET,NOT MET,NOT MET,,NOT MET,,,NOT MET,NOT MET,ADORE,NOT MET,,NOT MET
Cersei,FOUND FAMILY,TOLERATE,NOT MET,NOT MET,NOT MET,FOUND FAMILY,FINE,FOUND FAMILY,FINE,CHUD,FINE,AMUSED,NOT MET,NOT MET,NOT MET,TRAUMATIZED,NOT MET,FINE,LIKE,NOT MET,NOT MET,FRIEND,RESPECT,NOT MET,NOT MET,NOT MET,NOT MET,NOT MET,NOT MET,NOT MET,NOT MET,FINE,CURIOUS,CURIOUS,CURIOUS,NOT MET,NOT MET,NOT MET,NOT MET,FINE,RESPECT,FINE,FRIEND,FINE,FINE,CURIOUS,LIKE,CHUD,FINE,NOT MET,NOT MET,NOT MET,NOT MET,NOT MET,FINE,NOT MET,NOT MET,NOT MET,NOT MET,NOT MET,NOT MET,,FINE,NOT MET,NOT MET,FINE,NOT MET,NOT MET,NOT MET,NOT MET,NOT MET,LIKE,FINE,LIKE,FOUND FAMILY,NOT MET,IDOLIZE,FINE,FINE,NOT MET,NOT MET,NOT MET,NOT MET,NOT MET,NOT MET,NOT MET,FOUND FAMILY,NOT MET,FINE,NOT MET,FINE,NOT MET,LIKE,LIKE,LIKE,NOT MET,FOUND FAMILY,,NOT MET,NOT MET,FINE,NOT MET,NOT MET,NOT MET
Cinna Verum,,,,,,,,,,,,,,,,,,,,,,,,,,,,,,,,,,,,,,,,,,,,,,,,,,,,,,,,,,,,,,,,,,,,,,,,,,,,,,,,,,,,,,,,,,,,,,,,,,,,,,,,
Chroma,NOT MET,NOT MET,NOT MET,NOT MET,NOT MET,NOT MET,NOT MET,NOT MET,NOT MET,NOT MET,NOT MET,NOT MET,NOT MET,NOT MET,NOT MET,NOT MET,CONFLICTED,NOT MET,NOT MET,NOT MET,NOT MET,NOT MET,NOT MET,NOT MET,NOT MET,,,,,,,,,,,,,,,,,,,,,,,,,,,,,,,,,,,,,,,,,,,,,,,,,,,,,,,,,,,,,,,,,,,,,,,,,,,,,,,
Clair K.,RESPECT,CURIOUS,FRIEND,NOT MET,NOT MET,LIKE,CURIOUS,NOT MET,FRIEND,NOT MET,NOT MET,LIKE,ADMIRE,LIKE,NOT MET,LIKE,,,TORMENTED,,,NOT MET,IDOLIZE,,NOT MET,NOT MET,,NOT MET,,LIKE,,FRIEND,,,,,,NOT MET,NOT MET,,,,NOT MET,,NOT MET,RESPECT,NOT MET,FRIEND,,LOVE,NOT MET,NOT MET,,NOT MET,BEST FRIEND,,NOT MET,,NOT MET,NOT MET,NOT MET,,,,,CURIOUS,,,NOT MET,NOT MET,,,CURIOUS,,NOT MET,,NOT MET,,LIKE,,NOT MET,,,NOT MET,NOT MET,NOT MET,NOT MET,NOT MET,,,NOT MET,NOT MET,CURIOUS,CURIOUS,,,,,NOT MET,,,NOT MET,,NOT MET
Clancy S.,CURIOUS,NOT MET,CURIOUS,NOT MET,NOT MET,FRIEND,CURIOUS,NOT MET,RESPECT,LIKE,LIKE,BEST FRIEND,NOT MET,NOT MET,NOT MET,NOT MET,NOT MET,CURIOUS,CURIOUS,SELF-LOVE,OFF-PUT,NOT MET,NOT MET,NOT MET,CURIOUS,NOT MET,NOT MET,NOT MET,NOT MET,FRIEND,NOT MET,CURIOUS,LIKE,FRIEND,NOT MET,NOT MET,NOT MET,NOT MET,NOT MET,CURIOUS,,CURIOUS,NOT MET,CURIOUS,NOT MET,CURIOUS,NOT MET,CURIOUS,CURIOUS,RESPECT,NOT MET,NOT MET,,NOT MET,FISH BRO,NOT MET,NOT MET,NOT MET,NOT MET,CURIOUS,NOT MET,,CURIOUS,NOT MET,NOT MET,CURIOUS,NOT MET,FRIEND,NOT MET,NOT MET,BRO,LIKE,BEST FRIEND,CURIOUS,NOT MET,NOT MET,NOT MET,NOT MET,CONCERNED,NOT MET,NOT MET,,NOT MET,NOT MET,NOT MET,NOT MET,CURIOUS,NOT MET,AMUSED,AMUSED,FRIEND,NOT MET,CURIOUS,NOT MET,,NOT MET,NOT MET,,NOT MET,NOT MET,LIKE,NOT MET,FRIEND,NOT MET
"Conclave ""Cathedral""",WARY,NOT MET,CAUTIOUS,NOT MET,NOT MET,NOT MET,NOT MET,NOT MET,WARY,NOT MET,NOT MET,NOT MET,NOT MET,NOT MET,WARY,NOT MET,,NOT MET,NOT MET,Loose-End,SICKENED,NOT MET,WARY,NOT MET,NOT MET,NOT MET,NOT MET,WARY,NOT MET,NOT MET,NOT MET,WARY,DISLIKE,WARY,NOT MET,NOT MET,NOT MET,NOT MET,NOT MET,NOT MET,,NOT MET,NOT MET,NOT MET,NOT MET,WARY,NOT MET,NOT MET,NOT MET,NOT MET,NOT MET,NOT MET,,NOT MET,CAUTIOUS,NOT MET,NOT MET,NOT MET,NOT MET,NOT MET,NOT MET,,NOT MET,NOT MET,NOT MET,NOT MET,NOT MET,NOT MET,NOT MET,NOT MET,NOT MET,NOT MET,PITY,NOT MET,NOT MET,NOT MET,NOT MET,NOT MET,NOT MET,NOT MET,NOT MET,,NOT MET,NOT MET,NOT MET,NOT MET,NOT MET,NOT MET,NOT MET,NOT MET,NOT MET,NOT MET,NOT MET,NOT MET,,NOT MET,NOT MET,,UNSURE,NOT MET,NOT MET,WARY,NOT MET,NOT MET
Cool,NOT MET,NOT MET,NOT MET,NOT MET,NOT MET,,RESPECT,NOT MET,NOT MET,NOT MET,,NOT MET,NOT MET,NOT MET,NOT MET,LIKE,NOT MET,RESPECT,NOT MET,NOT MET,NOT MET,HORRIFIED,RESPECT,NOT MET,NOT MET,NOT MET,NOT MET,NOT MET,NOT MET,NOT MET,NOT MET,RESPECT,RESPECT,RESPECT,RESPECT,AMUSED,NOT MET,NOT MET,NOT MET,RESPECT,NOT MET,CURIOUS,NOT MET,NOT MET,NOT MET,CURIOUS,LIKE,RESPECT,NOT MET,NOT MET,NOT MET,NOT MET,NOT MET,NOT MET,NOT MET,NOT MET,NOT MET,NOT MET,NOT MET,NOT MET,NOT MET,NOT MET,,NOT MET,,RESPECT,,,NOT MET,NOT MET,NOT MET,CURIOUS,INTRIGUED,INTRIGUED,NOT MET,NOT MET,NOT MET,LIKE,CURIOUS,NOT MET,NOT MET,,NOT MET,NOT MET,NOT MET,NOT MET,NOT MET,NOT MET,NOT MET,NOT MET,RESPECT,NOT MET,AMUSED,LIKE,,NOT MET,NOT MET,,INTRIGUED,NOT MET,NOT MET,NOT MET,NOT MET,NOT MET
Corson Ludwig,,,,,,,,,,,,,,,,CURIOUS,,,,,,,,,NOT MET,,,,,,,,,,,,,,,,,,,,,,,,,,,NOT MET,,,,,,,,,,,,,,,,,,,,,,,,,,,,,,,,,,,,,,,,,,,,,,,,,,,,
Daisy,RESPECT,NOT MET,NOT MET,FRIEND,NOT MET,NOT MET,NOT MET,NOT MET,RESPECT,NOT MET,CURIOUS,NOT MET,NOT MET,NOT MET,NOT MET,NOT MET,,RESPECT,NOT MET,NOT MET,,NOT MET,NOT MET,SELF-LOVE,NOT MET,CURIOUS,NOT MET,NOT MET,NOT MET,NOT MET,NOT MET,NOT MET,NOT MET,NOT MET,NOT MET,NOT MET,NOT MET,NOT MET,NOT MET,FAMILY,,NOT MET,NOT MET,NOT MET,NOT MET,RESPECT,NOT MET,NOT MET,NOT MET,NOT MET,NOT MET,NOT MET,NOT MET,NOT MET,NOT MET,NOT MET,NOT MET,NOT MET,NOT MET,NOT MET,NOT MET,,RESPECT,NOT MET,NOT MET,NOT MET,NOT MET,NOT MET,NOT MET,NOT MET,NOT MET,NOT MET,NOT MET,RESPECT,CURIOUS,NOT MET,NOT MET,LIKE,NOT MET,NOT MET,NOT MET,NOT MET,NOT MET,NOT MET,NOT MET,NOT MET,NOT MET,NOT MET,NOT MET,NOT MET,NOT MET,NOT MET,LEAF,CURIOUS,,NOT MET,NOT MET,,NOT MET,NOT MET,NOT MET,NOT MET,NOT MET,NOT MET
Dior,NOT MET,NOT MET,NOT MET,NOT MET,FINE,NOT MET,PITY,NOT MET,RESPECT,FINE,NOT MET,FOND,NOT MET,CONCERNED,MIFFED,NOT MET,NOT MET,RESPECT,INTRIGUED,NOT MET,NOT MET,NOT MET,NOT MET,NOT MET,SELF-LOVE,FRIEND,NOT MET,CRUSH,NOT MET,FINE,NOT MET,NOT MET,NOT MET,NOT MET,NOT MET,AMUSED,CAUTIOUS,FINE,NOT MET,NOT MET,NOT MET,NOT MET,NOT MET,NOT MET,CONCERNED,NOT MET,LIKE,NOT MET,LIKE,LIKE,LIKE-FAMILY,FOND,NOT MET,NOT MET,LIKE-FAMILY,INTRIGUED,FRIEND,NOT MET,FRIEND,FRIEND,FRIEND,,NOT MET,NOT MET,NOT MET,NOT MET,NOT MET,NOT MET,CURIOUS,NOT MET,NOT MET,NOT MET,FINE,NOT MET,FINE,NOT MET,NOT MET,FINE,NOT MET,NOT MET,NOT MET,NOT MET,NOT MET,RESPECT,NOT MET,NOT MET,FRIEND,RESPECT,NOT MET,NOT MET,FINE,FINE,NOT MET,FRIEND,,NOT MET,NOT MET,,NOT MET,NOT MET,CURIOUS,FINE,NOT MET,NOT MET
Dogz,NOT MET,NOT MET,NOT MET,NOT MET,NOT MET,NOT MET,NOT MET,NOT MET,RESPECT,NOT MET,RESPECT,CURIOUS,NOT MET,NOT MET,INTRIGUED,NOT MET,,OFF-PUT,CURIOUS,NOT MET,,NOT MET,LIKE,NOT MET,FOND,self,NOT MET,NOT MET,NOT MET,NOT MET,NOT MET,NOT MET,,,,NOT MET,CLOSE,NOT MET,FRIEND,RESPECT,,NOT MET,NOT MET,NOT MET,CURIOUS,RESPECT,FRIEND,RESPECT,NOT MET,INTRIGUED,GUILTY,NOT MET,,NOT MET,FRIEND,NOT MET,NOT MET,NOT MET,LIKE,NOT MET,NOT MET,,INTRIGUED,NOT MET,NOT MET,NOT MET,NOT MET,NOT MET,CURIOUS,NOT MET,NOT MET,NOT MET,NOT MET,,CURIOUS,NOT MET,NOT MET,RESPECT,CURIOUS,NOT MET,NOT MET,,,FRIEND,CURIOUS,NOT MET,GUILTY,NOT MET,NOT MET,NOT MET,CLOSE,NOT MET,RESPECT,CURIOUS,,NOT MET,,,FRIEND,NOT MET,INTRIGUED,FRIEND,,INTRIGUED
Ellion Harper,NOT MET,NOT MET,NOT MET,NOT MET,NOT MET,,NOT MET,NOT MET,NOT MET,NOT MET,NOT MET,NOT MET,NOT MET,NOT MET,NOT MET,NOT MET,,NOT MET,NOT MET,NOT MET,,NOT MET,NOT MET,NOT MET,NOT MET,NOT MET,Ellion,NOT MET,NOT MET,NOT MET,,NOT MET,,,,NOT MET,,NOT MET,NOT MET,NOT MET,,NOT MET,NOT MET,NOT MET,NOT MET,NOT MET,NOT MET,NOT MET,NOT MET,NOT MET,NOT MET,NOT MET,,NOT MET,NOT MET,NOT MET,NOT MET,NOT MET,NOT MET,NOT MET,NOT MET,,NOT MET,NOT MET,NOT MET,NOT MET,NOT MET,NOT MET,NOT MET,NOT MET,NOT MET,NOT MET,NOT MET,,NOT MET,NOT MET,NOT MET,NOT MET,NOT MET,NOT MET,NOT MET,,,NOT MET,NOT MET,NOT MET,NOT MET,NOT MET,NOT MET,NOT MET,NOT MET,NOT MET,NOT MET,NOT MET,,,,,NOT MET,NOT MET,NOT MET,NOT MET,,NOT MET
Elio Nephele,,,NOT MET,NOT MET,,,,,,,,,,,,NOT MET,,,NOT MET,,,NOT MET,,,FOND,,,Elio.,,NOT MET,,NOT MET,,,,,,,NOT MET,,,,NOT MET,,ADMIRE,NOT MET,,NOT MET,NOT MET,NOT MET,NOT MET,NOT MET,,,,,,,,,,,,,,,,,FOND,,,,,,,,,,,,,,,,,,,,,,,,,,,,,,,,,,,
 Emmet E.,CURIOUS,,NOT MET, CLOSE,NOT MET,,NOT MET,NOT MET,RESPECT,BEST FRIEND,,NOT MET,,NOT MET,NOT MET,INTRIGUED,,,NOT MET,NOT MET,,NOT MET,CURIOUS,,NOT MET,NOT MET,,NOT MET,DISGUSTED,CURIOUS,,NOT MET,,,,,,NOT MET,NOT MET,,,,NOT MET,,NOT MET,NOT MET,NOT MET,BEST FRIEND,BEST FRIEND,NOT MET,NOT MET,NOT MET,,NOT MET,CURIOUS,,NOT MET,,NOT MET,NOT MET,NOT MET,,,,,NOT MET,NOT MET,NOT MET,NOT MET,NOT MET,NOT MET,,CURIOUS,,NOT MET,CLOSE,COOL,RESPECT,FRIEND,NOT MET,NOT MET,,,NOT MET,NOT MET,NOT MET,NOT MET,NOT MET,CLOSE,NOT MET,NOT MET,NOT MET,CURIOUS,NOT MET,,,,,NOT MET,NOT MET,NOT MET,NOT MET,,NOT MET
Exodia A.,INTRIGUED,NOT MET,UNSURE,NOT MET,NOT MET,CURIOUS,UNSURE,NOT MET,FINE,NOT MET,INTRIGUED,INTRIGUED,NOT MET,NOT MET,NOT MET,INTRIGUED,,LIKE,NERVOUS,FRIEND,,NOT MET,UNSURE,NOT MET,INTRIGUED,NOT MET,NOT MET,NOT MET,UNSURE,shark,NOT MET,INTRIGUED,,,,NOT MET,NOT MET,NOT MET,NOT MET,NOT MET,,NOT MET,NOT MET,LIKE,NOT MET,NOT MET,NOT MET,LIKE,NOT MET,LIKE-FAMILY,NOT MET,NOT MET,,INTRIGUED,FOUND-FAMILY,NOT MET,NOT MET,NOT MET,NOT MET,NOT MET,NOT MET,,CURIOUS,NOT MET,LIKE,ANXIOUS,NOT MET,FRIEND,NOT MET,NOT MET,FRIEND,NOT MET,FRIEND,NOT MET,NOT MET,FRIEND,NOT MET,UNSURE,FRIEND,NOT MET,NOT MET,,,NOT MET,NOT MET,NOT MET,INTRIGUED,NOT MET,NOT MET,UNSURE,NOT MET,NOT MET,INTRIGUED,INTRIGUED,,NOT MET,,,NOT MET,NOT MET,NOT MET,INTRIGUED,,NOT MET
Felia,NOT MET,NOT MET,NOT MET,NOT MET,NOT MET,,NOT MET,NOT MET,NOT MET,NOT MET,NOT MET,ADMIRE,NOT MET,NOT MET,NOT MET,NOT MET,,RESPECT/CAUTIOUS,NOT MET,NOT MET,,NOT MET,NOT MET,NOT MET,NOT MET,NOT MET,NOT MET,NOT MET,NOT MET,NOT MET,CONCERNED ,FOUND,,,,NOT MET,,NOT MET,NOT MET,NOT MET,,,NOT MET,NOT MET,NOT MET,ADMIRE,NOT MET,FOUND,NOT MET,NOT MET,NOT MET,NOT MET,,NOT MET,NOT MET,NOT MET,NOT MET,NOT MET,NOT MET,NOT MET,NOT MET,,RESPECT ,NOT MET,NOT MET,NOT MET,NOT MET,NOT MET,NOT MET,NOT MET,NOT MET,NOT MET,NOT MET,,NOT MET,FOUND,NOT MET,RESPECT ,NOT MET,NOT MET,NOT MET,,,NOT MET,CURIOUS ,NOT MET,NOT MET,NOT MET,ADMIRE ,NOT MET,NOT MET,NOT MET,NOT MET,NOT MET,,,,,LIKE ,NOT MET,NOT MET,NOT MET,,LIKE
Fellis Ori,PITY,UNSURE,NOT MET,NOT MET,NOT MET,NOT MET,CAUTIOUS,SOMBER,RESPECT,NOT MET,CURIOUS,APATHETIC,NOT MET,APATHETIC,NOT MET,INTRIGUED,,INTIMIDATED,RESPECT,NOT MET,,APATHETIC,LOYAL,NOT MET,NOT MET,NOT MET,NOT MET,NOT MET,NOT MET,NOT MET,,SOMBER,,,,BEST FRIEND,NOT MET,NOT MET,NOT MET,RESPECT,,TOLERATE,NOT MET,NOT MET,NOT MET,AMUSED,NOT MET,CLOSE,NOT MET,LOYAL,NOT MET,NOT MET,,NOT MET,LOYAL,INTRIGUED,NOT MET,,NOT MET,NOT MET,NOT MET,,APATHETIC,NOT MET,AMUSED,LIKE,NOT MET,AMUSED,NOT MET,NOT MET,NOT MET,CURIOUS,RESPECT,CURIOUS,CAUTIOUS,NOT MET,NOT MET,CURIOUS,AMUSED,NOT MET,NOT MET,D,,NOT MET,NOT MET,NOT MET,NOT MET,NOT MET,NOT MET,NOT MET,NOT MET,NOT MET,LIKE,AMUSED,,NOT MET,,,NOT MET,NOT MET,AMUSED,NOT MET,,NOT MET
Fixion,RESPECT,FRIEND,NOT MET,NOT MET,NOT MET,NOT MET,FRIEND,NOT MET,RESPECT,NOT MET,FRIEND,CURIOUS,NOT MET,NOT MET,FRIEND,NOT MET,NOT MET,RESPECT,RESPECT,NOT MET,NOT MET,NOT MET,RESPECT,NOT MET,NOT MET,CLOSE,NOT MET,NOT MET,FRIEND,FRIEND,NOT MET,RESPECT,[CLASSIFIED],RESPECT,NOT MET,NOT MET,NOT MET,NOT MET,WORRIED,NOT MET,RESPECT,FRIEND,NOT MET,NOT MET,NOT MET,CURIOUS,CURIOUS,FRIEND,NOT MET,CURIOUS,NOT MET,NOT MET,NOT MET,CLOSE,RESPECT,NOT MET,NOT MET,NOT MET,AMUSED,NOT MET,NOT MET,,RESPECT,NOT MET,CLOSE,FRIEND,NOT MET,NOT MET,NOT MET,NOT MET,NOT MET,FRIEND,RESPECT,RESPECT,INTRIGUED,AMUSED,NOT MET,NOT MET,FRIEND,NOT MET,NOT MET,CURIOUS,FRIEND,NOT MET,NOT MET,ADMIRE,NOT MET,RESPECT,NOT MET,NOT MET,CURIOUS,NOT MET,RESPECT,RESPECT,,NOT MET,NOT MET,,NOT MET,NOT MET,CLOSE,BEST FRIEND,NOT MET,NOT MET
Flock V.,NOT MET,NOT MET,NOT MET,NOT MET,NOT MET,NOT MET,NOT MET,NOT MET,RESPECT,NOT MET,NOT MET,FRIEND,NOT MET,NOT MET,NOT MET,NOT MET,,RESPECT,FRIEND,LIKE,,RESPECT,TOLERATE,NOT MET,NOT MET,NOT MET,NOT MET,RESPECT,NOT MET,LIKE,NOT MET,RESPECT,,TRAUMATIZED,,NOT MET,NOT MET,NOT MET,NOT MET,TOLERATE,,NOT MET,NOT MET,NOT MET,NOT MET,TOLERATE,NOT MET,AMUSED,LIKE,NOT MET,NOT MET,NOT MET,,NOT MET,CLOSE,NOT MET,NOT MET,NOT MET,NOT MET,NOT MET,NOT MET,,TOLERATE,NOT MET,NOT MET,NOT MET,NOT MET,NOT MET,NOT MET,NOT MET,LIKE,RESPECT,LIKE,NOT MET,NOT MET,NOT MET,NOT MET,RESPECT,RESPECT,NOT MET,NOT MET,,,NOT MET,NOT MET,NOT MET,NOT MET,NOT MET,NOT MET,CURIOUS,NOT MET,NOT MET,UNSURE,UNSURE,,NOT MET,NOT MET,,NOT MET,NOT MET,AMUSED,NOT MET,LOVE,NOT MET
Geneviève F.,,,,,,,,,,,,,,,,,,,,,,,,,NOT MET,,,,,,,,,,,,,,,,,,,,,,,,,,,,,,,,,,,,,,,,,,,,,,,,,,,,,,,,,,,,,,,,,,,,,,,,,,,,,,,
"""Goose"" Broker, Caroline",RESPECT,NOT MET,NOT MET,NOT MET,NOT MET,,RESPECT,NOT MET,RESPECT,NOT MET,TOLERATE,NOT MET,,NOT MET,NOT MET,,,RESPECT,INTRIGUED,NOT MET,,UNEASY,INTRIGUED,,NOT MET,NOT MET,,NOT MET,NOT MET,NOT MET,,BEST FRIEND,,,,,,NOT MET,NOT MET,INTIMIDATED,,,NOT MET,NOT MET,NOT MET,WARY,NOT MET,LIKE,NOT MET,NOT MET,NOT MET,NOT MET,,NOT MET,LIKE,CRUSH,NOT MET,NOT MET,NOT MET,NOT MET,NOT MET,,DISCOMFORT,,NOT MET,CAUTIOUS,NOT MET,CURIOUS,NOT MET,NOT MET,NOT MET,NOT MET,RESPECT,,NOT MET,NOT MET,NOT MET,CURIOUS,CURIOUS,NOT MET,NOT MET,,,NOT MET,NOT MET,NOT MET,NOT MET,NOT MET,NOT MET,NOT MET,NOT MET,NOT MET,CURIOUS,INTRIGUED,,,,,INTRIGUED,NOT MET,NOT MET,NOT MET,,NOT MET
Greyson Stallion,NOT MET,NOT MET,NOT MET,NOT MET,NOT MET,NOT MET,NOT MET,NOT MET,RESPECT,RESPECT,NOT MET,CURIOUS,RESPECT,NOT MET,NOT MET,NOT MET,,NOT MET,NOT MET,NOT MET,,NOT MET,NOT MET,NOT MET,RESPECT,CLOSE,NOT MET,NOT MET,NOT MET,NOT MET,NOT MET,NOT MET,,,,NOT MET,FINE,NOT MET,NOT MET,NOT MET,,NOT MET,NOT MET,NOT MET,NOT MET,RESPECT,RESPECT,RESPECT,NOT MET,NOT MET,NOT MET,NOT MET,,NOT MET,LIKE,NOT MET,RESPECT,NOT MET,LIKE,NOT MET,NOT MET,,NOT MET,NOT MET,NOT MET,NOT MET,NOT MET,CURIOUS,NOT MET,NOT MET,NOT MET,NOT MET,NOT MET,NOT MET,NOT MET,NOT MET,NOT MET,NOT MET,NOT MET,NOT MET,NOT MET,,,NOT MET,NOT MET,NOT MET,CURIOUS,NOT MET,NOT MET,NOT MET,CURIOUS,NOT MET,NOT MET,NOT MET,,NOT MET,NOT MET,,NOT MET,NOT MET,NOT MET,NOT MET,,NOT MET
Halo Graves,,,,,,,,,,,,NOT MET,,,,,,,,,,NOT MET,,,FINE,NOT MET,,CURIOUS,,,,,,,,,,Halo Graves,,,,,,,UNEASY,,NOT MET,,,,NOT MET,LIKE,,,NOT MET,,NOT MET,,,NOT MET,,,,,,,,,NOT MET,,,,,,,,,,,,UNSURE,,,,WARY,,,NOT MET,,,,FINE,,NOT MET,,,,,NOT MET,,,,,NOT MET
Hazard F.,,,,,,,,,,,,NOT MET,,,,,,,,,,,,,NOT MET,FRIEND,,NOT MET,,,,,,,,,,NOT MET,,,,,,,NOT MET,,,,,,,NOT MET,,,,,,,,,,,,,,,,,,,,,,,,,,,,,,,,,,,,,,,,,,,,,,,,,,,,
Ignacios Huertas,RESPECT,,NOT MET,NOT MET,NOT MET,NOT MET,NOT MET,NOT MET,FRIEND,NOT MET,NOT MET,AMUSED,RESPECT,NOT MET,NOT MET,NOT MET,,FRIEND,AMUSED,NOT MET,,NOT MET,LIKE-FAMILY,NOT MET,NOT MET,NOT MET,NOT MET,NOT MET,NOT MET,NOT MET,NOT MET,AMUSED,,FINE,,NOT MET,NOT MET,NOT MET,NOT MET,""" Yeehaw """,,AMUSED,NOT MET,NOT MET,NOT MET,CLOSE,NOT MET,LIKE,AMUSED,REMORSEFUL,NOT MET,NOT MET,,NOT MET,LIKE,NOT MET,NOT MET,NOT MET,NOT MET,NOT MET,NOT MET,,TOLERATE,NOT MET,NOT MET,INTRIGUED,NOT MET,NOT MET,NOT MET,NOT MET,NOT MET,FOND,CURIOUS,LIKE,NOT MET,NOT MET,NOT MET,HEARTACHE,PITY,NOT MET,NOT MET,,,NOT MET,NOT MET,NOT MET,NOT MET,NOT MET,ANNOYED,NOT MET,NOT MET,NOT MET,FOND,CURIOUS,,NOT MET,NOT MET,,NOT MET,NOT MET,NOT MET,NOT MET,NOT MET,NOT MET
Infinity,FRIEND,NOT MET,NOT MET,TOLERATE,NOT MET,NOT MET,TOLERATE,APATHETIC,RESPECT,AMUSED,CURIOUS,RESPECT,LOYAL,NOT MET,NOT MET,TOLERATE,NOT MET,LIKE,FRIEND,NOT MET,NOT MET,NOT MET,LOYAL,NOT MET,NOT MET,IGNORING,NOT MET,NOT MET,NOT MET,NOT MET,NOT MET,FRIEND,FINE,RESPECT,RESPECT,CURIOUS,NOT MET,NOT MET,UNSETTLED,RESPECT,""" < > < > """,TOLERATE,NOT MET,NOT MET,NOT MET,FRIEND,NOT MET,FRIEND,NOT MET,RESPECT,NOT MET,NOT MET,NOT MET,NOT MET,RESPECT,NOT MET,NOT MET,NOT MET,NOT MET,NOT MET,NOT MET,,LOYAL,NOT MET,NOT MET,RESPECT,NOT MET,NOT MET,NOT MET,NOT MET,NOT MET,ADMIRE,OFF-PUT,RESPECT,CURIOUS,NOT MET,NOT MET,NOT MET,APOLOGETIC,NOT MET,NOT MET,NOT MET,NOT MET,NOT MET,NOT MET,NOT MET,NOT MET,NOT MET,TOLERATE,NOT MET,NOT MET,NOT MET,CLOSE,AMUSED,,NOT MET,NOT MET,,NOT MET,NOT MET,NOT MET,NOT MET,NOT MET,NOT MET
P. ' Jabber' W.,CURIOUS,NOT MET,NOT MET,NOT MET,NOT MET,NOT MET,FINE,NOT MET,NOT MET,NOT MET,OKAY,FINE,NOT MET,NOT MET,NOT MET,FINE,,FINE,NOT MET,NOT MET,,NOT MET,FINE,NOT MET,NOT MET,NOT MET,NOT MET,NOT MET,NOT MET,NOT MET,,NOT MET,,,,NOT MET,,NOT MET,NOT MET,NOT MET,,hi jabber,NOT MET,NOT MET,NOT MET,UNSETTLED,NOT MET,FRIEND,NOT MET,NOT MET,NOT MET,NOT MET,,NOT MET,NOT MET,NOT MET,NOT MET,NOT MET,NOT MET,NOT MET,NOT MET,,AMUSED,NOT MET,NOT MET,CONFLICTED,NOT MET,NOT MET,NOT MET,NOT MET,NOT MET,NOT MET,LIKE,NOT MET,NOT MET,NOT MET,NOT MET,NOT MET,AMUSED,NOT MET,NOT MET,,,NOT MET,NOT MET,NOT MET,NOT MET,NOT MET,NOT MET,NOT MET,FINE,NOT MET,FINE,NOT MET,,NOT MET,,,NOT MET,NOT MET,NOT MET,NOT MET,,NOT MET
Jack. B,UNSURE,NOT MET,NOT MET,NOT MET,NOT MET,CURIOUS,NOT MET,AMUSED,NOT MET,NOT MET,NOT MET,NOT MET,NOT MET,NOT MET,NOT MET,FRIEND,NOT MET,NOT MET,NOT MET,NOT MET,NOT MET,NOT MET,INTRIGUED,NOT MET,NOT MET,NOT MET,NOT MET,NOT MET,NOT MET,NOT MET,NOT MET,NOT MET,NOT MET,NOT MET,NOT MET,NOT MET,NOT MET,NOT MET,NOT MET,NOT MET,,NOT MET,APATHETIC,NOT MET,NOT MET,NOT MET,NOT MET,CURIOUS,NOT MET,NOT MET,NOT MET,NOT MET,NOT MET,NOT MET,NOT MET,NOT MET,NOT MET,NOT MET,NOT MET,NOT MET,NOT MET,,NOT MET,NOT MET,NOT MET,NOT MET,NOT MET,LIKE,NOT MET,NOT MET,NOT MET,UNSURE,NOT MET,FOND,RESPECT,NOT MET,CLOSE,NOT MET,NOT MET,NOT MET,NOT MET,NOT MET,NOT MET,NOT MET,NOT MET,NOT MET,FRIEND,NOT MET,NOT MET,NOT MET,NOT MET,NOT MET,CURIOUS,NOT MET,,NOT MET,FRIEND,,NOT MET,NOT MET,NOT MET,NOT MET,NOT MET,NOT MET
Jasper R. Mae,WARY,CAUTIOUS,FAMILY,NOT MET,NOT MET,,CAUTIOUS,NOT MET,FAMILY,NOT MET,CAUTIOUS,NOT MET,,NOT MET,NOT MET,,,WARY,FAMILY,NOT MET,,NOT MET,FEARFUL,,NOT MET,DISCOMFORT,,NOT MET,NOT MET,DISLIKE,,NOT MET,,,,,,NOT MET,NOT MET,CAUTIOUS,,,NOT MET,HOMICIDAL,NOT MET,CAUTIOUS,NOT MET,NOT MET,NOT MET,FAMILY,NOT MET,NOT MET,,NOT MET,LOYAL,,NOT MET,,NOT MET,NOT MET,NOT MET,,RESPECT,,CAUTIOUS,NOT MET,DISCOMFORT,NOT MET,NOT MET,NOT MET,NOT MET,NOT MET,RESPECT,,NOT MET,NOT MET,NOT MET,RESPECT,PITY,NOT MET,NOT MET,,,NOT MET,NOT MET,NOT MET,NOT MET,NOT MET,DISLIKE,NOT MET,NOT MET,NOT MET,RESPECT,NOT MET,,,,,NOT MET,NOT MET,CAUTIOUS,RESPECT,,NOT MET
Jed 'Aviator',NOT MET,,NOT MET,NOT MET,FEARFUL,,NOT MET,NOT MET,NOT MET,NOT MET,NOT MET,NOT MET,,NOT MET,NOT MET,NOT MET,,NOT MET,NOT MET,NOT MET,,NOT MET,NOT MET,NOT MET,RESPECT,UNSURE,,AMUSED,NOT MET,NOT MET,,NOT MET,,,,NOT MET,,CURIOUS,NOT MET,NOT MET,,,NOT MET,NOT MET,,NOT MET,NOT MET,NOT MET,NOT MET,NOT MET,NOT MET,AMUSED,,GUILTY,NOT MET,,NOT MET,NOT MET,FINE,NOT MET,NOT MET,,NOT MET,NOT MET,NOT MET,NOT MET,NOT MET,,CRUSH (?),NOT MET,NOT MET,NOT MET,NOT MET,,NOT MET,NOT MET,NOT MET,,NOT MET,NOT MET,FINE,,,NOT MET,RESPECT,NOT MET,NOT MET,SORROW,NOT MET,NOT MET,NOT MET,LIKE,NOT MET,NOT MET,,,,,WARY,NOT MET,ASHAMED,NOT MET,,INTIMIDATED
Kathrine C.,RESPECT/LIKE,CONFLICTED,NOT MET,NOT MET,NOT MET,NOT MET,FINE,NOT MET,FRIEND,AMUSED,NOT MET,FOND,RESPECT,UNSURE,UNSURE,INTRIGUED,NOT MET,FRIEND,NOT MET,NOT MET,NOT MET,NOT MET,FRIEND,NOT MET,NOT MET,NOT MET,NOT MET,NOT MET,NOT MET,NOT MET,NOT MET,LIKE,NOT MET,CURIOUS,CLOSE/SORRY,NOT MET,NOT MET,NOT MET,NOT MET,FRIEND,,FINE,NOT MET,NOT MET,NOT MET,DESPISE,NOT MET,BEST FRIEND,AMUSED,REMORSEFUL,NOT MET,NOT MET,,UNSURE,RESPECT,NOT MET,FINE,NOT MET,NOT MET,FINE,UNSURE,,FRIEND,NOT MET,NOT MET,LIKE,NOT MET,NOT MET,NOT MET,NOT MET,NOT MET,AMUSED,CURIOUS,FRIEND,UNSURE,NOT MET,NOT MET,FRIEND,UNSURE,NOT MET,NOT MET,,NOT MET,FINE,NOT MET,NOT MET,INTRIGUED,FINE,DISLIKE,NOT MET,NOT MET,NOT MET,CLOSE,RESPECT,,NOT MET,NOT MET,,NOT MET,NOT MET,LIKE,NOT MET,CURIOUS,NOT MET
Kathy H,NOT MET,NOT MET,NOT MET,NOT MET,NOT MET,FRIEND,RESPECT,NOT MET,NOT MET,NOT MET,RESPECT,NOT MET,NOT MET,NOT MET,NOT MET,RESPECT,,NOT MET,NOT MET,NOT MET,,RESPECT,NOT MET,NOT MET,CURIOUS,FRIEND,NOT MET,NOT MET,NOT MET,CURIOUS,NOT MET,NOT MET,,NOT MET,,NOT MET,CURIOUS,NOT MET,RESPECT,NOT MET,,RESPECT,NOT MET,NOT MET,NOT MET,NOT MET,Kathy,NOT MET,NOT MET,NOT MET,NOT MET,NOT MET,,NOT MET,CURIOUS,NOT MET,CURIOUS,,NOT MET,NOT MET,NOT MET,,NOT MET,NOT MET,RESPECT,NOT MET,NOT MET,NOT MET,NOT MET,NOT MET,NOT MET,NOT MET,NOT MET,NOT MET,FRIEND,NOT MET,NOT MET,,NOT MET,NOT MET,NOT MET,,,NOT MET,NOT MET,NOT MET,NOT MET,NOT MET,NOT MET,NOT MET,FRIEND,NOT MET,RESPECT,FRIEND,,NOT MET,,,NOT MET,,NOT MET,NOT MET,NOT MET,NOT MET
Kurto Joyce,BEST FRIEND,CURIOUS,RESPECT,CURIOUS,NOT MET,RESPECT,NOT MET,FRIEND,LOYAL,RESPECT,NOT MET,LOYAL,NOT MET,NOT MET,CURIOUS,CHUD,FRIEND,FRIEND,LOYAL,NOT MET,NOT MET,NOT MET,LOYAL,NOT MET,NOT MET,NOT MET,NOT MET,NOT MET,BEST FRIEND,CURIOUS,NOT MET,BEST FRIEND,FRIEND,FRIEND,RESPECT,CURIOUS,NOT MET,NOT MET,RESPECT,FRIEND,,RESPECT,NOT MET,NOT MET,NOT MET,BEST FRIEND,AMUSED,SORROW,CURIOUS,CURIOUS,NOT MET,NOT MET,NOT MET,NOT MET,BEST FRIEND,NOT MET,NOT MET,NOT MET,NOT MET,NOT MET,NOT MET,,RESPECT,NOT MET,NOT MET,FRIEND,NOT MET,RESPECT,NOT MET,NOT MET,NOT MET,BEST FRIENDS,FRIEND,FRIEND,FRIEND,NOT MET,FRIEND,BEST FRIENDS,FRIEND,NOT MET,NOT MET,BEST FRIEND,NOT MET,NOT MET,NOT MET,NOT MET,FRIEND,NOT MET,UNSURE,NOT MET,NOT MET,NOT MET,LIKE-FAMILY,NOT MET,,NOT MET,NOT MET,,NOT MET,NOT MET,RESPECT,NOT MET,FRIEND,NOT MET
Leonidas P.,NOT MET,c,LIKE,NOT MET,NOT MET,,NOT MET,NOT MET,NOT MET,BEST FRIEND,NOT MET,CURIOUS,,NOT MET,NOT MET,NOT MET,,NOT MET,NOT MET,CURIOUS,,NOT MET,NOT MET,NOT MET,LIKE,NOT MET,NOT MET,NOT MET,BEST FRIEND,NOT MET,,NOT MET,,,,RESPECT,,NOT MET,NOT MET,CURIOUS,,NOT MET,NOT MET,NOT MET,NOT MET,LIKE,NOT MET,ADMIRE,IGNORING,NOT MET,NOT MET,NOT MET,,LIKE,RESPECT,NOT MET,NOT MET,NOT MET,NOT MET,FRIEND,NOT MET,,NOT MET,NOT MET,NOT MET,NOT MET,LIKE,NOT MET,NOT MET,CURIOUS,NOT MET,NOT MET,LIKE,,NOT MET,FRIEND,NOT MET,LIKE,CURIOUS,NOT MET,NOT MET,,,NOT MET,NOT MET,NOT MET,NOT MET,NOT MET,NOT MET,NOT MET,NOT MET,NOT MET,CURIOUS,NOT MET,,,,,NOT MET,NOT MET,NOT MET,UNSURE,,NOT MET
Lillie,,,,,,,,,,,,,,,,,,,,,,,,,,,,,,,,,,,,,,,,,,,,,,,,,,,,,,,,,,,,,,,,,,,,,,,,,,,,,,,,,,,,,,,,,,,,,,,,,,,,,,,,
Lilium E,CURIOUS,,NOT MET,,,,,NOT MET,,,,INTRIGUED,,,,,,,LOVE,,,NOT MET,,,FINE,NOT MET,,NOT MET,,FOND,,,,,,,,NOT MET,NOT MET,,,,NOT MET,,NOT MET,,NOT MET,,,,NOT MET,NOT MET,,NOT MET,FOND,,NOT MET,,,NOT MET,,,,,,,,,NOT MET,NOT MET,,,NOT MET,,NOT MET,,NOT MET,,FOND,,NOT MET,,,,NOT MET,NOT MET,NOT MET,NOT MET,,,NOT MET,NOT MET,,NOT MET,,,,,NOT MET,,,NOT MET,,NOT MET
LUC1,NOT MET,,NOT MET,NOT MET,NOT MET,NOT MET,NOT MET,NOT MET,NOT MET,NOT MET,NOT MET,NOT MET,NOT MET,NOT MET,NOT MET,NOT MET,,NOT MET,NOT MET,NOT MET,,NOT MET,NOT MET,NOT MET,FOND,NOT MET,NOT MET,RESPECT,NOT MET,NOT MET,NOT MET,NOT MET,,,,NOT MET,,LIKE,NOT MET,NOT MET,,NOT MET,NOT MET,NOT MET,AMUSED,NOT MET,NOT MET,NOT MET,NOT MET,NOT MET,NOT MET,LUC1,,NOT MET,NOT MET,NOT MET,CURIOUS,NOT MET,NOT MET,NOT MET,NOT MET,,NOT MET,NOT MET,NOT MET,NOT MET,NOT MET,NOT MET,FRIEND,NOT MET,NOT MET,NOT MET,NOT MET,,NOT MET,NOT MET,NOT MET,NOT MET,NOT MET,NOT MET,RESPECT,,,NOT MET,NOT MET,NOT MET,NOT MET,FRIEND,NOT MET,NOT MET,NOT MET,FRIEND,NOT MET,NOT MET,,NOT MET,,,CURIOUS,NOT MET,CURIOUS,NOT MET,,CURIOUS
Lucky,NOT MET,NOT MET,NOT MET,LIKE,NOT MET,NOT MET,NOT MET,NOT MET,NOT MET,NOT MET,NOT MET,NOT MET,NOT MET,NOT MET,NOT MET,NOT MET,NOT MET,NOT MET,NOT MET,NOT MET,NOT MET,NOT MET,NOT MET,NOT MET,NOT MET,NOT MET,NOT MET,NOT MET,NOT MET,NOT MET,NOT MET,NOT MET,NOT MET,NOT MET,NOT MET,NOT MET,NOT MET,NOT MET,NOT MET,NOT MET,CURIOUS,NOT MET,NOT MET,NOT MET,NOT MET,NOT MET,NOT MET,NOT MET,NOT MET,NOT MET,NOT MET,NOT MET,NOT MET,NOT MET,NOT MET,NOT MET,NOT MET,NOT MET,NOT MET,NOT MET,NOT MET,,NOT MET,NOT MET,NOT MET,NOT MET,NOT MET,NOT MET,NOT MET,NOT MET,NOT MET,NOT MET,NOT MET,NOT MET,NOT MET,NOT MET,NOT MET,NOT MET,NOT MET,NOT MET,NOT MET,,NOT MET,NOT MET,NOT MET,NOT MET,NOT MET,NOT MET,NOT MET,NOT MET,NOT MET,NOT MET,NOT MET,NOT MET,,NOT MET,NOT MET,,NOT MET,NOT MET,NOT MET,NOT MET,NOT MET,NOT MET
Macchi,NOT MET,NOT MET,NOT MET,NOT MET,ASHAMED,NOT MET,NOT MET,NOT MET,ADMIRE,WARY,NOT MET,AMUSED,NOT MET,NOT MET,NOT MET,NOT MET,INTRIGUED,NOT MET,CURIOUS,NOT MET,NOT MET,NOT MET,NOT MET,NOT MET,NOT MET,NOT MET,NOT MET,UNEASY,NOT MET,NOT MET,NOT MET,NOT MET,UNSURE,RESPECT,NOT MET,NOT MET,NOT MET,NOT MET,NOT MET,ADMIRE,,NOT MET,NOT MET,NOT MET,PITY,ADMIRE,NOT MET,NOT MET,NOT MET,CURIOUS,NOT MET,NOT MET,NOT MET,SELF,CURIOUS,NOT MET,NOT MET,NOT MET,NOT MET,NOT MET,NOT MET,,UNSURE,NOT MET,NOT MET,NOT MET,NOT MET,NOT MET,UNSURE,NOT MET,NOT MET,CURIOUS,INTIMIDATED,NOT MET,NOT MET,NOT MET,NOT MET,NOT MET,NOT MET,NOT MET,NOT MET,NOT MET,NOT MET,NOT MET,NOT MET,NOT MET,NOT MET,FINE,NOT MET,NOT MET,NOT MET,NOT MET,AMUSED,NOT MET,,NOT MET,NOT MET,,NOT MET,NOT MET,CLOSE,NOT MET,NOT MET,NOT MET
Mackenzie A.,LOYAL,NOT MET,CLOSE,NOT MET,NOT MET,NOT MET,CURIOUS,NOT MET,LIKE,FISH FRIEND,NOT MET,FOND,NOT MET,NOT MET,NOT MET,CURIOUS,NOT MET,CURIOUS,CLOSE,FRIEND,CURIOUS,NOT MET,AMUSED,NOT MET,LIKE-FAMILY,CONFLICTED,NOT MET,NOT MET,NOT MET,FOUNDFAMILY,NOT MET,LIKE,FINE,FRIEND,ADORE,AMUSED,INTIMIDATED,NOT MET,NOT MET,RESPECT,,CURIOUS,NOT MET,CLOSE,NOT MET,LIKE,NOT MET,LIKE,NOT MET,ANGUISH,LIKE-FAMILY,NOT MET,NOT MET,FOND,LOVE,NOT MET,NOT MET,NOT MET,NOT MET,NOT MET,NOT MET,,UNSURE,NOT MET,NOT MET,RESPECT,NOT MET,LIKE,NOT MET,NOT MET,FRIEND,NOT MET(?),BEST FRIENDS,RESPECT,NOT MET,NOT MET,NOT MET,RESPECT,CLOSE,NOT MET,NOT MET,HOMICIDAL,NOT MET,CLOSE,NOT MET,NOT MET,BEST FRIEND,NOT MET,MIFFED,NOT MET,NOT MET,NOT MET,LIKE,CLOSE,,NOT MET,NOT MET,,NOT MET,NOT MET,ADMIRE,LIKE-FAMILY,FRIEND,NOT MET
Magnolia A.,NOT MET,NOT MET,NOT MET,NOT MET,NOT MET,FRIEND,NOT MET,NOT MET,RESPECT,NOT MET,NOT MET,INTRIGUED,NOT MET,FRIEND,NOT MET,NOT MET,NOT MET,NOT MET,NOT MET,NOT MET,NOT MET,NOT MET,NOT MET,NOT MET,AMUSED,NOT MET,NOT MET,NOT MET,NOT MET,NOT MET,NOT MET,INTRIGUED,NOT MET,INTRIGUED,NOT MET,FOND,NOT MET,NOT MET,NOT MET,RESPECT,,NOT MET,NOT MET,NOT MET,NOT MET,RESPECT,NOT MET,NOT MET,NOT MET,NOT MET,NOT MET,NOT MET,NOT MET,NOT MET,NOT MET,CONCERNED,FINE,NOT MET,NOT MET,NOT MET,NOT MET,,NOT MET,NOT MET,NOT MET,NOT MET,NOT MET,FINE,NOT MET,NOT MET,NOT MET,FRIEND,NOT MET,NOT MET,NOT MET,NOT MET,NOT MET,NOT MET,NOT MET,NOT MET,NOT MET,NOT MET,NOT MET,NOT MET,NOT MET,NOT MET,NOT MET,NOT MET,NOT MET,NOT MET,NOT MET,NOT MET,NOT MET,NOT MET,,NOT MET,NOT MET,,NOT MET,NOT MET,NOT MET,NOT MET,NOT MET,NOT MET
Magnolia P.B,LIKE,NOT MET,NOT MET,NOT MET,NOT MET,NOT MET,INTRIGUED,NOT MET,RESPECT,NOT MET,NOT MET,BEST FRIEND,RESPECT,NOT MET,NOT MET,NOT MET,,RESPECT,NOT MET,NOT MET,,NOT MET,RESPECT,NOT MET,FRIEND,CURIOUS,NOT MET,LIKE,NOT MET,NOT MET,NOT MET,NOT MET,,CURIOUS,,NOT MET,AMUSED,NOT MET,NOT MET,RESPECT,,NOT MET,NOT MET,NOT MET,NOT MET,RESPECT,NOT MET,RESPECT,NOT MET,NOT MET,NOT MET,CURIOUS,,NOT MET,NOT MET,CURIOUS,APATHETIC,NOT MET,LIKE,RESPECT,LIKE,,CURIOUS,NOT MET,NOT MET,RESPECT,NOT MET,NOT MET,NOT MET,NOT MET,NOT MET,LIKE,AMUSED,AMUSED,CURIOUS,NOT MET,NOT MET,RESPECT,NOT MET,NOT MET,NOT MET,,,NOT MET,NOT MET,NOT MET,NOT MET,CURIOUS,NOT MET,NOT MET,NOT MET,NOT MET,CURIOUS,LIKE,,NOT MET,,,NOT MET,NOT MET,NOT MET,NOT MET,NOT MET,NOT MET
Mhelchie ♡,NOT MET,NOT MET,NOT MET,NOT MET,NOT MET,NOT MET,NOT MET,NOT MET,NOT MET,NOT MET,NOT MET,NOT MET,NOT MET,NOT MET,NOT MET,NOT MET,,NOT MET,NOT MET,NOT MET,,NOT MET,NOT MET,NOT MET,NOT MET,NOT MET,NOT MET,NOT MET,NOT MET,NOT MET,NOT MET,NOT MET,,,,NOT MET,NOT MET,NOT MET,NOT MET,NOT MET,,NOT MET,NOT MET,NOT MET,NOT MET,NOT MET,NOT MET,NOT MET,NOT MET,NOT MET,NOT MET,NOT MET,,NOT MET,NOT MET,NOT MET,NOT MET,💗,NOT MET,NOT MET,NOT MET,,NOT MET,NOT MET,NOT MET,NOT MET,NOT MET,NOT MET,NOT MET,NOT MET,NOT MET,NOT MET,NOT MET,NOT MET,NOT MET,NOT MET,NOT MET,NOT MET,NOT MET,NOT MET,NOT MET,,,NOT MET,NOT MET,NOT MET,NOT MET,NOT MET,NOT MET,NOT MET,NOT MET,NOT MET,NOT MET,NOT MET,,NOT MET,,,NOT MET,NOT MET,NOT MET,NOT MET,,NOT MET
Midas,CURIOUS,RESPECT,NOT MET,NOT MET,NOT MET,NOT MET,CURIOUS,NOT MET,ADMIRE,NOT MET,CURIOUS,FRIEND,NOT MET,NOT MET,NOT MET,CURIOUS,,INTIMIDATED,NOT MET,CURIOUS,,NOT MET,CAUTIOUS,NOT MET,LIKE,LIKE,NOT MET,NOT MET,NOT MET,NOT MET,NOT MET,NOT MET,,,,NOT MET,,NOT MET,NOT MET,CURIOUS,,NOT MET,AMUSED,NOT MET,AMUSED,RESPECT,NOT MET,RESPECT,NOT MET,CURIOUS,NOT MET,NOT MET,,NOT MET,CURIOUS,NOT MET,LIKE,NOT MET,HUMILIATED,NOT MET,NOT MET,,NOT MET,NOT MET,NOT MET,NOT MET,NOT MET,NOT MET,NOT MET,NOT MET,NOT MET,CURIOUS,LIKE,,NOT MET,NOT MET,NOT MET,CURIOUS,CURIOUS,NOT MET,NOT MET,,,NOT MET,NOT MET,NOT MET,CONFLICTED,NOT MET,NOT MET,NOT MET,CURIOUS,NOT MET,CURIOUS,CURIOUS,,NOT MET,,,NOT MET,NOT MET,CURIOUS,NOT MET,,NOT MET
Mint,NOT MET,NOT MET,NOT MET,,NOT MET,,LIKE,NOT MET,LIKE,NOT MET,NOT MET,NOT MET,,NOT MET,NOT MET,,,NOT MET,NOT MET,NOT MET,,NOT MET,NOT MET,NOT MET,FOND,NOT MET,,NOT MET,NOT MET,NOT MET,,NOT MET,,,,NOT MET,,NOT MET,NOT MET,NOT MET,,,NOT MET,NOT MET,NOT MET,NOT MET,NOT MET,NOT MET,LIKE,NOT MET,NOT MET,NOT MET,,NOT MET,NOT MET,,AMUSED,NOT MET,NOT MET,,NOT MET,,NOT MET,,NOT MET,NOT MET,NOT MET,NOT MET,NOT MET,NOT MET,NOT MET,NOT MET,NOT MET,,NOT MET,NOT MET,NOT MET,NOT MET,CURIOUS,NOT MET,NOT MET,,,NOT MET,NOT MET,NOT MET,NOT MET,NOT MET,NOT MET,NOT MET,NOT MET,NOT MET,NOT MET,,,,,,NOT MET,NOT MET,NOT MET,NOT MET,,NOT MET
Molly C,CURIOUS,,NOT MET,,,,,NOT MET,,,,CURIOUS,,,,,,,NOT MET,,,NOT MET,,,FRIEND,LIKE,,NOT MET,,NOT MET,,,,,,,,NOT MET,NOT MET,,,,NOT MET,,NOT MET,,NOT MET,NOT MET,NOT MET,NOT MET,NOT MET,NOT MET,,NOT MET,NOT MET,,NOT MET,,,NOT MET,Molly C.,,,,,,,,NOT MET,NOT MET,,,NOT MET,,CURIOUS,,NOT MET,,NOT MET,,NOT MET,,,,NOT MET,NOT MET,CURIOUS,NOT MET,,,NOT MET,NOT MET,,LIKE,,,,,NOT MET,,,NOT MET,,NOT MET
Monty R.,IDOLIZE,,,,,,,,FRIEND,FRIEND,,,,,,,,,,,,,,,,,,,,,,,FOUND FAMILY,,,,,,,,,,,,,,,IDOLIZE,,,,,,,RESPECT,,,,,,,Hi me :>,,,,,,,,,,,IDOLIZE,,,,,,,,,,,,,,,,,,LIKE,,,,LIKE,,,,,,,,,
Murphy,FINE,NOT MET,NOT MET,NOT MET,NOT MET,,NOT MET,NOT MET,FINE,NOT MET,,RESPECT,,NOT MET,NOT MET,,,RESPECT,LIKE,,,NOT MET,FRIEND,,NOT MET,NOT MET,,NOT MET,NOT MET,NOT MET,,FINE,,,,,,NOT MET,NOT MET,RESPECT,,,NOT MET,NOT MET,NOT MET,RESPECT,NOT MET,LIKE,NOT MET,NOT MET,NOT MET,NOT MET,,NOT MET,LIKE,,NOT MET,,NOT MET,NOT MET,NOT MET,,,,,FINE,NOT MET,NOT MET,NOT MET,NOT MET,NOT MET,LIKE,DISTASTE,,NOT MET,NOT MET,NOT MET,UNEASY,NOT MET,NOT MET,NOT MET,,,NOT MET,NOT MET,NOT MET,NOT MET,NOT MET,NOT MET,NOT MET,NOT MET,NOT MET,LIKE,FINE,,,,,NOT MET,NOT MET,NOT MET,NOT MET,,NOT MET
Narva,NOT MET,NOT MET,NOT MET,NOT MET,NOT MET,,NOT MET,NOT MET,NOT MET,NOT MET,NOT MET,NOT MET,,NOT MET,NOT MET,NOT MET,,NOT MET,NOT MET,NOT MET,,NOT MET,NOT MET,NOT MET,NOT MET,NOT MET,,NOT MET,NOT MET,NOT MET,,NOT MET,,,,NOT MET,,NOT MET,NOT MET,NOT MET,,,NOT MET,NOT MET,NOT MET,INTRIGUED,NOT MET,NOT MET,NOT MET,NOT MET,NOT MET,NOT MET,,NOT MET,NOT MET,,NOT MET,NOT MET,NOT MET,NOT MET,NOT MET,,NOT MET,,NOT MET,NOT MET,NOT MET,NOT MET,NOT MET,NOT MET,NOT MET,NOT MET,NOT MET,,NOT MET,NOT MET,NOT MET,NOT MET,NOT MET,NOT MET,NOT MET,,,NOT MET,NOT MET,NOT MET,NOT MET,NOT MET,NOT MET,NOT MET,NOT MET,NOT MET,NOT MET,NOT MET,,,,,NOT MET,NOT MET,FRIEND,NOT MET,,
Noa M.,LIKE,APATHETIC,NOT MET,NOT MET,NOT MET,,,NOT MET,RESPECT,NOT MET,FRIEND,NOT MET,,NOT MET,NOT MET,,,RESPECT,CURIOUS,CURIOUS,,CURIOUS,RESPECT,NOT MET,NOT MET,NOT MET,,NOT MET,NOT MET,FRIEND,,FRIEND,,,,,,NOT MET,NOT MET,RESPECT,,,NOT MET,CURIOUS,NOT MET,NOT MET,NOT MET,CURIOUS,NOT MET,PITY,NOT MET,NOT MET,,NOT MET,RESPECT,,NOT MET,NOT MET,NOT MET,NOT MET,NOT MET,,RESPECT,,SELF(GUILT.),CLOSE,NOT MET,NOT MET,NOT MET,NOT MET,NOT MET,NOT MET,FRIEND,,INTRIGUED,NOT MET,NOT MET,NOT MET,FOUND FAMILY,NOT MET,NOT MET,,,NOT MET,NOT MET,NOT MET,NOT MET,NOT MET,UNSURE,NOT MET,FRIEND,NOT MET,LIKE,CURIOUS,,,,,NOT MET,NOT MET,NOT MET,NOT MET,,NOT MET
Obsidra Di M.,CURIOUS,NOT MET,NOT MET,NOT MET,NOT MET,NOT MET,TOLERATE,NOT MET,INTRIGUED,NOT MET,FRIEND,FINE,FINE,NOT MET,NOT MET,NOT MET,,RESPECT,CURIOUS,NOT MET,,LIKE,AMUSED,NOT MET,NOT MET,NOT MET,NOT MET,NOT MET,NOT MET,DISLIKE,,CLOSE,,,,NOT MET,,NOT MET,NOT MET,RESPECT,,TOLERATE,NOT MET,NOT MET,NOT MET,RESPECT,NOT MET,AMUSED,NOT MET,PITY,NOT MET,NOT MET,,NOT MET,AMUSED,NOT MET,NOT MET,NOT MET,NOT MET,NOT MET,NOT MET,,DISLIKE,NOT MET,FRIEND,CONFLICTED,NOT MET,NOT MET,NOT MET,NOT MET,NOT MET,UNSURE,LIKE,FINE,UNSURE,NOT MET,NOT MET,UNSURE,BEST FRIEND,NOT MET,NOT MET,,,NOT MET,NOT MET,NOT MET,NOT MET,NOT MET,NOT MET,NOT MET,CURIOUS,NOT MET,FRIEND,LIKE,,NOT MET,,,NOT MET,NOT MET,NOT MET,NOT MET,,NOT MET
Oscar I.,NOT MET,,NOT MET,NOT MET,NOT MET,,NOT MET,NOT MET,NOT MET,NOT MET,,NOT MET,,NOT MET,NOT MET,,,,NOT MET,NOT MET,,NOT MET,NOT MET,,NOT MET,NOT MET,,NOT MET,NOT MET,NOT MET,,NOT MET,,,,,,NOT MET,NOT MET,,,,NOT MET,,NOT MET,NOT MET,NOT MET,NOT MET,RESPECT,NOT MET,NOT MET,NOT MET,,NOT MET,NOT MET,,NOT MET,,NOT MET,NOT MET,NOT MET,,,,,RESPECT,yo its myself,,NOT MET,NOT MET,NOT MET,,NOT MET,,NOT MET,NOT MET,NOT MET,NOT MET,NOT MET,CLOSE,NOT MET,,,NOT MET,NOT MET,NOT MET,NOT MET,NOT MET,NOT MET,NOT MET,NOT MET,NOT MET,NOT MET,NOT MET,,,,,NOT MET,NOT MET,NOT MET,NOT MET,,NOT MET
Paris D,NOT MET,NOT MET,NOT MET,NOT MET,NOT MET,CLOSE,FRIEND,FRIEND,CURIOUS,FOND,NOT MET,NOT MET,NOT MET,NOT MET,NOT MET,FRIEND,,NOT MET,NOT MET,FRIEND,,NOT MET,NOT MET,NOT MET,NOT MET,NOT MET,NOT MET,NOT MET,NOT MET,FRIEND,NOT MET,RESPECT,,CURIOUS,,LOYAL,CAUTIOUS,NOT MET,NOT MET,NOT MET,,NOT MET,FRIEND,NOT MET,NOT MET,RESPECT,NOT MET,INTRIGUED,NOT MET,NOT MET,NOT MET,NOT MET,,NOT MET,RESPECT,CURIOUS,NOT MET,NOT MET,NOT MET,NOT MET,NOT MET,,NOT MET,NOT MET,NOT MET,NOT MET,NOT MET,"""It's me!""",NOT MET,NOT MET,NOT MET,NOT MET,INTRIGUED,NOT MET,INTRIGUED,NOT MET,FRIEND,NOT MET,RESPECT,NOT MET,NOT MET,,,FOND,NOT MET,NOT MET,FRIEND,NOT MET,INTRIGUED,NOT MET,CURIOUS,NOT MET,CURIOUS,NOT MET,,NOT MET,FRIEND,,NOT MET,NOT MET,FRIEND,NOT MET,CURIOUS,NOT MET
Peter,,,,,,,,,,,,,,,,,,,,,,,,,,,,,,,,,,,,,,,,,,,,,,,,,,,,,,,,,,,,,,,,,,,,,,,,,,,,,,,,,,,,,,,,,,,,,,,,,,,,,,,,
Qiangwei V.,NOT MET,,NOT MET,NOT MET,NOT MET,,NOT MET,NOT MET,NOT MET,NOT MET,,NOT MET,,NOT MET,NOT MET,,,,NOT MET,NOT MET,,NOT MET,NOT MET,,NOT MET,NOT MET,,NOT MET,NOT MET,NOT MET,,NOT MET,,,,,,NOT MET,NOT MET,,,,NOT MET,,NOT MET,NOT MET,NOT MET,NOT MET,NOT MET,NOT MET,NOT MET,NOT MET,,NOT MET,NOT MET,,NOT MET,,NOT MET,NOT MET,NOT MET,,,,,NOT MET,,,NOT MET,Qiangwei,NOT MET,,NOT MET,,NOT MET,NOT MET,NOT MET,NOT MET,NOT MET,NOT MET,NOT MET,,,NOT MET,NOT MET,NOT MET,NOT MET,NOT MET,NOT MET,NOT MET,NOT MET,NOT MET,NOT MET,NOT MET,,,,,NOT MET,NOT MET,NOT MET,NOT MET,,NOT MET
Rachet B.,NOT MET,NOT MET,FRIEND,CURIOUS,NOT MET,CLOSE,NOT MET,NOT MET,RESPECT,LIKE,NOT MET,FOND,NOT MET,NOT MET,TOLERATE,NOT MET,,NOT MET,CURIOUS,BRO,NOT MET,NOT MET,RESPECT,NOT MET,NOT MET,NOT MET,NOT MET,CURIOUS,NOT MET,FRIEND,NOT MET,CURIOUS,CURIOUS,LOYAL,NOT MET,NOT MET,NOT MET,NOT MET,NOT MET,NOT MET,,NOT MET,NOT MET,NOT MET,NOT MET,NOT MET,NOT MET,CONFLICTED,NOT MET,RESPECT,NOT MET,NOT MET,NOT MET,NOT MET,FRIEND,NOT MET,NOT MET,NOT MET,NOT MET,NOT MET,NOT MET,,NOT MET,NOT MET,NOT MET,NOT MET,NOT MET,NOT MET,NOT MET,NOT MET,IDIOT,NOT MET,LIKE,NOT MET,CURIOUS,NOT MET,NOT MET,NOT MET,SORRY,NOT MET,NOT MET,,CURIOUS,NOT MET,NOT MET,NOT MET,NOT MET,NOT MET,ANNOYED,ANNOYED,NOT MET,NOT MET,NOT MET,NOT MET,,CURIOUS,NOT MET,,NOT MET,NOT MET,NOT MET,FRIEND,RESPECT,NOT MET
Rae,,,,,,,,,,,,,,,,,,,,,,,,,NOT MET,,,,,,,,,,,,,,,,,,,,,,,,,,,,,,,,,,,,,,,,,,,,,,,,,,,,,,,,,,,,,,,,,,,,,,,,,,,,,,,
Rami F.,,,,,,,,,,,,,,,,,,,,,,,,,,,,,,,,,,,,,,,,,,,,,,,,,,,,,,,,,,,,,,,,,,,,,,,,,,,,,,,,,,,,,,,,,,,,,,,,,,,,,,,,
Ren Yuki,FOND,,,,,,,,FRIEND,,,,FRIEND,,,,,FRIEND,,,,,FRIEND,,NOT MET,,,,FRIEND,INTRIGUED,,,,,,NOT MET,NOT MET,NOT MET,NOT MET,FRIEND,,,,,NOT MET,FRIEND,NOT MET,FRIEND,NOT MET,NOT MET,NOT MET,NOT MET,,NOT MET,,NOT MET,NOT MET,NOT MET,,NOT MET,NOT MET,,FRIEND,NOT MET,NOT MET,NOT MET,NOT MET,,NOT MET,NOT MET,NOT MET,FRIEND,,[It's still you.],UNSURE,NOT MET,NOT MET,FRIEND,NOT MET,NOT MET,NOT MET,,,NOT MET,NOT MET,NOT MET,NOT MET,NOT MET,NOT MET,,,,FRIEND,,,,,,,,,FRIEND,,
Ronin,FRIEND,NOT MET,NOT MET,NOT MET,NOT MET,FRIEND,WARY,FRIEND,CURIOUS,CURIOUS,CURIOUS,NOT MET,CURIOUS,NOT MET,NOT MET,FOUND FAMILY,NOT MET,RESPECT,NOT MET,NOT MET,NOT MET,LIKE,RESPECT,NOT MET,FRIEND,CURIOUS,NOT MET,NOT MET,NOT MET,NOT MET,NOT MET,LIKE,CURIOUS,CURIOUS,CURIOUS,NOT MET,NOT MET,NOT MET,DESPISE,CURIOUS,,CURIOUS,FRIEND,NOT MET,NOT MET,NOT MET,FRIEND,FRIEND,NOT MET,NOT MET,NOT MET,NOT MET,NOT MET,NOT MET,CURIOUS,NOT MET,LIKE,NOT MET,NOT MET,LIKE,NOT MET,,RESPECT,NOT MET,CURIOUS,CURIOUS,NOT MET,FRIEND,NOT MET,NOT MET,RESPECT,LIKE,CAUTIOUS,RESPECT,Ronin,NOT MET,FRIEND,NOT MET,NOT MET,NOT MET,NOT MET,LIKE,NOT MET,NOT MET,NOT MET,NOT MET,FRIEND,NOT MET,NOT MET,NOT MET,FRIEND,NOT MET,LIKE,CLOSE,,NOT MET,FRIEND,,NOT MET,NOT MET,CURIOUS,NOT MET,NOT MET,NOT MET
Rosa S.,LIKE,NOT MET,NOT MET,FRIEND,NOT MET,FRIEND,NOT MET,NOT MET,NOT MET,CURIOUS,NOT MET,NOT MET,NOT MET,NOT MET,NOT MET,CURIOUS,NOT MET,NOT MET,NOT MET,CURIOUS,NOT MET,NOT MET,NOT MET,NOT MET,NOT MET,NOT MET,NOT MET,NOT MET,CLOSE,FRIEND,NOT MET,CURIOUS,FRIEND,CURIOUS,NOT MET,NOT MET,NOT MET,NOT MET,NOT MET,NOT MET,CURIOUS,NOT MET,NOT MET,NOT MET,NOT MET,CURIOUS,NOT MET,RESPECT,CLOSE,NOT MET,NOT MET,NOT MET,NOT MET,NOT MET,NOT MET,NOT MET,NOT MET,NOT MET,NOT MET,NOT MET,NOT MET,,NOT MET,NOT MET,CURIOUS,NOT MET,NOT MET,NOT MET,NOT MET,NOT MET,NOT MET,NOT MET,NOT MET,NOT MET,NOT MET,thats also me yo,NOT MET,INTRIGUED,NOT MET,FRIEND,NOT MET,NOT MET,NOT MET,NOT MET,NOT MET,NOT MET,CURIOUS,NOT MET,FRIEND,,NOT MET,NOT MET,CURIOUS,NOT MET,,NOT MET,NOT MET,,CURIOUS,NOT MET,NOT MET,NOT MET,NOT MET,NOT MET
Ruth F,FRIEND,NOT MET,NOT MET,NOT MET,NOT MET,FRIEND,NOT MET,BEST FRIEND,RESPECT,FRIEND,NOT MET,NOT MET,NOT MET,NOT MET,NOT MET,CLOSE,,NOT MET,NOT MET,NOT MET,,NOT MET,NOT MET,NOT MET,NOT MET,UNEASY,NOT MET,NOT MET,FRIEND,NOT MET,NOT MET,NOT MET,,NOT MET,,NOT MET,,NOT MET,NOT MET,NOT MET,,NOT MET,CLOSE,NOT MET,NOT MET,LIKE,NOT MET,FRIEND,NOT MET,FRIEND,NOT MET,NOT MET,,NOT MET,NOT MET,NOT MET,NOT MET,NOT MET,NOT MET,NOT MET,NOT MET,,NOT MET,NOT MET,NOT MET,NOT MET,NOT MET,CLOSE,NOT MET,NOT MET,NOT MET,FRIEND,NOT MET,NOT MET,CLOSE,NOT MET,,LIKE,NOT MET,NOT MET,NOT MET,,,NOT MET,NOT MET,NOT MET,CLOSE,NOT MET,NOT MET,NOT MET,NOT MET,NOT MET,LIKE,NOT MET,,NOT MET,CLOSE,,NOT MET,,NOT MET,NOT MET,NOT MET,NOT MET
Sakura E.,LIKE,LIKE,NOT MET,NOT MET,NOT MET,,NOT MET,NOT MET,LIKE,,,CURIOUS,,NOT MET,NOT MET,,,,LOYAL,NOT MET,,LIKE,RESPECT,NOT MET,NOT MET,NOT MET,NOT MET,NOT MET,NOT MET,INTRIGUED,,UNSURE,,,,,,NOT MET,LIKE,,,,NOT MET,,NOT MET,FRIEND,NOT MET,BEST FRIEND,,FAMILY,NOT MET,NOT MET,,INTRIGUED,LIKE,,NOT MET,,NOT MET,NOT MET,NOT MET,,,,,CURIOUS,,,NOT MET,NOT MET,,,CURIOUS,,NOT MET,,UNSURE,HEARTACHE,CURIOUS,,NOT MET,,,UNSURE,NOT MET,NOT MET,CURIOUS,NOT MET,CONFLICTED,,NOT MET,NOT MET,BEST FRIEND,NOT MET,,,,,NOT MET,NOT MET,,NOT MET,,NOT MET
Sammy G.,,,,,,,,,,,,,,,,,,,,,,,,,NOT MET,,,,,,,,,,,,,,,,,,,,,,,,,,,,,,,,,,,,,,,,,,,,,,,,,,,,,,,,,,,,,,,,,,,,,,,,,,,,,,,
Scott C.,RESPECT,,NOT MET,NOT MET,NOT MET,,NOT MET,NOT MET,NOT MET,NOT MET,,NOT MET,,NOT MET,NOT MET,,,,NOT MET,NOT MET,,NOT MET,NOT MET,,NOT MET,NOT MET,,NOT MET,NOT MET,NOT MET,,NOT MET,,,,,,NOT MET,NOT MET,,,,NOT MET,,NOT MET,NOT MET,NOT MET,NOT MET,NOT MET,NOT MET,NOT MET,NOT MET,,NOT MET,NOT MET,,NOT MET,,NOT MET,NOT MET,NOT MET,,,,,NOT MET,,,NOT MET,NOT MET,NOT MET,,NOT MET,,RESPECT,RESPECT,NOT MET,NOT MET,NOT MET,Scott C.,NOT MET,,,NOT MET,NOT MET,NOT MET,NOT MET,NOT MET,NOT MET,NOT MET,NOT MET,NOT MET,CURIOUS,NOT MET,,,,,NOT MET,NOT MET,NOT MET,NOT MET,,NOT MET
Scott,,,,,,,,,,,,,,,,,,,,,,,,,NOT MET,,,,,,,,,,,,,,,,,,,,,,,,,,,,,,,,,,,,,,,,,,,,,,,,,,,,,,,,,,,,,,,,,,,,,,,,,,,,,,,
Seth G,LIKE,NOT MET,NOT MET,AMUSED,NOT MET,NOT MET,NOT MET,INTRIGUED,RESPECT,LIKE,NOT MET,RESPECT,NOT MET,NOT MET,NOT MET,NOT MET,NOT MET,NOT MET,NOT MET,NOT MET,NOT MET,NOT MET,RESPECT,NOT MET,NOT MET,CURIOUS,NOT MET,NOT MET,BEST FRIEND,NOT MET,NOT MET,AMUSED,FINE,NOT MET,RESPECT,NOT MET,NOT MET,NOT MET,NOT MET,NOT MET,RESPECT,AMUSED,NOT MET,NOT MET,NOT MET,LOYAL,NOT MET,BEST FRIEND,NOT MET,AMUSED,NOT MET,NOT MET,NOT MET,NOT MET,BEST FRIEND,NOT MET,NOT MET,NOT MET,NOT MET,NOT MET,NOT MET,CURIOUS,RESPECT,NOT MET,NOT MET,NOT MET,NOT MET,NOT MET,NOT MET,NOT MET,NOT MET,FRIEND,RESPECT,RESPECT,AMUSED,NOT MET,NOT MET,RESPECT,AMUSED,NOT MET,NOT MET,DISAPPOINTED,NOT MET,NOT MET,NOT MET,NOT MET,NOT MET,NOT MET,FRIEND,NOT MET,NOT MET,NOT MET,AMUSED,RESPECT,,NOT MET,NOT MET,,NOT MET,NOT MET,NOT MET,NOT MET,NOT MET,NOT MET
Sierra B.,NOT MET,NOT MET,NOT MET,NOT MET,NOT MET,FRIEND,NOT MET,NOT MET,FOND,NOT MET,NOT MET,NOT MET,NOT MET,NOT MET,NOT MET,NOT MET,,NOT MET,NOT MET,NOT MET,NOT MET,NOT MET,NOT MET,NOT MET,NOT MET,NOT MET,NOT MET,NOT MET,NOT MET,NOT MET,NOT MET,NOT MET,FRIEND,NOT MET,NOT MET,NOT MET,NOT MET,NOT MET,NOT MET,NOT MET,,NOT MET,NOT MET,NOT MET,NOT MET,NOT MET,NOT MET,NOT MET,NOT MET,NOT MET,NOT MET,NOT MET,,NOT MET,NOT MET,NOT MET,NOT MET,NOT MET,NOT MET,NOT MET,NOT MET,,NOT MET,NOT MET,NOT MET,NOT MET,NOT MET,NOT MET,NOT MET,NOT MET,NOT MET,NOT MET,NOT MET,NOT MET,NOT MET,NOT MET,NOT MET,NOT MET,NOT MET,NOT MET,NOT MET,,"Wait, das me.",NOT MET,NOT MET,NOT MET,NOT MET,NOT MET,NOT MET,NOT MET,NOT MET,NOT MET,NOT MET,NOT MET,,NOT MET,NOT MET,,NOT MET,NOT MET,NOT MET,NOT MET,NOT MET,NOT MET
Sisuvipen,NOT MET,NOT MET,NOT MET,UNSURE,NOT MET,NOT MET,INTRIGUED,FINE,RESPECT,INTRIGUED,NOT MET,RESPECT,NOT MET,INTRIGUED,NOT MET,NOT MET,,NOT MET,RESPECT,NOT MET,,NOT MET,RESPECT,NOT MET,CLOSE,CLOSE,NOT MET,NOT MET,NOT MET,INTRIGUED,NOT MET,CURIOUS,,,,NOT MET,,NOT MET,NOT MET,NOT MET,,INTRIGUED,NOT MET,NOT MET,NOT MET,LIKE,NOT MET,NOT MET,NOT MET,INTRIGUED,LIKE,NOT MET,,NOT MET,FRIEND,NOT MET,NOT MET,NOT MET,NOT MET,NOT MET,LIKE,,RESPECT,NOT MET,NOT MET,NOT MET,NOT MET,NOT MET,NOT MET,NOT MET,NOT MET,NOT MET,FINE,,NOT MET,NOT MET,NOT MET,INTRIGUED,INTRIGUED,NOT MET,NOT MET,,,APATHETIC,NOT MET,NOT MET,FRIEND,NOT MET,INTRIGUED,LIKE,NOT MET,NOT MET,LIKE,INTRIGUED,,NOT MET,,,NOT MET,NOT MET,LIKE,FRIEND,,NOT MET
"Stoney ""SIX""",,,,,,,,,,,,CURIOUS,,,,,,,,,,,,,NOT MET,CURIOUS,,NOT MET,,,,,,,,,,,,,,,,,RESPECT,,NOT MET,,,,NOT MET,NOT MET,,,NOT MET,,NOT MET,,,NOT MET,,,,,,,,,RESPECT,,,,,,,,,,,,,,,, SELF,,,FRIEND,,,,NOT MET,,NOT MET,,,,,CLOSE,,,,,CLOSE
Tart Torte,NOT MET,NOT MET,NOT MET,NOT MET,UNSURE,,NOT MET,NOT MET,NOT MET,DISCOMFORT,NOT MET,NOT MET,NOT MET,NOT MET,MIFFED,NOT MET,NOT MET,NOT MET,NOT MET,NOT MET,NOT MET,NOT MET,NOT MET,NOT MET,NOT MET,NOT MET,NOT MET,NOT MET,NOT MET,NOT MET,,NOT MET,NOT MET,NOT MET,NOT MET,NOT MET,NOT MET,NOT MET,NOT MET,NOT MET,,NOT MET,NOT MET,NOT MET,DESPISE,NOT MET,NOT MET,NOT MET,NOT MET,NOT MET,NOT MET,NOT MET,NOT MET,NOT MET,NOT MET,NOT MET,NOT MET,NOT MET,NOT MET,NOT MET,NOT MET,,REPULSED,NOT MET,NOT MET,NOT MET,NOT MET,NOT MET,REPULSED,NOT MET,NOT MET,NOT MET,NOT MET,NOT MET,NOT MET,NOT MET,NOT MET,NOT MET,NOT MET,NOT MET,BORED,NOT MET,NOT MET,NOT MET,FINE,LOVE,NOT MET,NOT MET,NOT MET,NOT MET,NOT MET,NOT MET,NOT MET,NOT MET,,NOT MET,NOT MET,,FINE,NOT MET,UNSURE,NOT MET,NOT MET,FINE
Tessa M.,FRIEND,NOT MET,NOT MET,CURIOUS,NOT MET,FRIEND,NOT MET,FRIEND,RESPECT,AMUSED,NOT MET,NOT MET,NOT MET,NOT MET,NOT MET,FOUND FAMILY,,WARY,NOT MET,NOT MET,,NOT MET,RESPECT,NOT MET,FRIEND,DESPISE,NOT MET,NOT MET,CURIOUS,NOT MET,NOT MET,RESPECT,,,,NOT MET,,NOT MET,NOT MET,CURIOUS,,NOT MET,FRIEND,NOT MET,NOT MET,RESPECT,NOT MET,CURIOUS,NOT MET,NOT MET,"""CLOSE..""",NOT MET,,NOT MET,BEST FRIEND,NOT MET,NOT MET,NOT MET,NOT MET,NOT MET,NOT MET,,RESPECT,NOT MET,NOT MET,NOT MET,NOT MET,FRIEND,NOT MET,NOT MET,NOT MET,NOT MET,CURIOUS,,FOUNDFAMILY,NOT MET,FRIEND,RESPECT,NOT MET,NOT MET,NOT MET,,,FRIEND,NOT MET,NOT MET,,NOT MET,NOT MET,LIKE,NOT MET,NOT MET,CURIOUS,FRIEND,,NOT MET,FRIEND,,NOT MET,NOT MET,NOT MET,NOT MET,,NOT MET
TimeShell,NOT MET,,NOT MET,FINE,FRIEND,NOT MET,CURIOUS,NOT MET,NOT MET,NOT MET,NOT MET,FRIEND,NOT MET,NOT MET,NOT MET,NOT MET,,NOT MET,NOT MET,NOT MET,,NOT MET,RESPECT,NOT MET,LIKE,NOT MET,NOT MET,FRIEND,NOT MET,NOT MET,,NOT MET,,,,NOT MET,,NOT MET,NOT MET,NOT MET,,NOT MET,NOT MET,NOT MET,CLOSE,RESPECT,NOT MET,NOT MET,NOT MET,NOT MET,NOT MET,FOND,,LIKE,RESPECT,NOT MET,CURIOUS,NOT MET,NOT MET,NOT MET,NOT MET,,NOT MET,NOT MET,NOT MET,NOT MET,NOT MET,NOT MET,BEST FRIEND,NOT MET,NOT MET,NOT MET,LIKE,,NOT MET,NOT MET,NOT MET,,NOT MET,FRIEND,LIKE,,,NOT MET,FRIEND,NOT MET,NOT MET,TimeShell,CONFLICTED,NOT MET,NOT MET,FRIEND,NOT MET,NOT MET,,NOT MET,,,FRIEND,NOT MET,FRIEND,NOT MET,,CLOSE
Toby B.,LIKE,,NOT MET,BEST FRIEND,NOT MET,NOT MET,AMUSED,NOT MET,WARY,LIKE,NOT MET,FOND,APATHETIC,NOT MET,NOT MET,NOT MET,,LIKE,FRIEND,AMUSED,,NOT MET,LIKE,NOT MET,NOT MET,AMUSED,NOT MET,NOT MET,CLOSE,OFF-PUT,,OFF-PUT,,,,NOT MET,,NOT MET,NOT MET,APATHETIC,,NOT MET,OFF-PUT,NOT MET,OFF-PUT,WARY,NOT MET,UNSURE,NOT MET,APATHETIC,NOT MET,NOT MET,,NOT MET,AMUSED,NOT MET,NOT MET,,NOT MET,NOT MET,NOT MET,,ANNOYED,NOT MET,NOT MET,NOT MET,NOT MET,NOT MET,NOT MET,NOT MET,AMUSED,LIKE,CONFLICTED,APATHETIC,NOT MET,LIKE,NOT MET,CURIOUS,CURIOUS,NOT MET,NOT MET,,,CURIOUS,ANNOYED,NOT MET,UNEASY,CONFLICTED,yo thats me!!!,NOT MET,NOT MET,NOT MET,CONFLICTED,NOT MET,,NOT MET,,,CURIOUS,NOT MET,NOT MET,NOT MET,,NOT MET
Tyrese W.,NOT MET,,FRIEND,NOT MET,NOT MET,,NOT MET,NOT MET,RESPECT,,,CURIOUS,,NOT MET,NOT MET,,,,NOT MET,AMUSED,,NOT MET,RESPECT,,NOT MET,NOT MET,,NOT MET,NOT MET,INTRIGUED,,RESPECT,,,,,,NOT MET,NOT MET,,,,NOT MET,,NOT MET,RESPECT,NOT MET,RESPECT,,NOT MET,NOT MET,NOT MET,,NOT MET,LIKE,,NOT MET,,NOT MET,NOT MET,NOT MET,,,,,NOT MET,,,NOT MET,NOT MET,AMUSED,,RESPECT,,NOT MET,NOT MET,NOT MET,FINE,SORRY,,NOT MET,,,FRIEND,NOT MET,NOT MET,NOT MET,NOT MET,NOT MET,That's Me!!,NOT MET,NOT MET,CURIOUS,NOT MET,,,,,NOT MET,NOT MET,NOT MET,NOT MET,,NOT MET
U. SPROUTMAN,CURIOUS,,NOT MET,,NOT MET,,LOYAL,NOT MET,,,,LIKE,,,NOT MET,,,,NOT MET,,,FRIEND,,,FRIEND,CLOSE,,NOT MET,,NOT MET,,,,,,,,NOT MET,CAUTIOUS,,,,NOT MET,,NOT MET,,FRIEND,,,NOT MET,NOT MET,NOT MET,,NOT MET,NOT MET,,NOT MET,,,NOT MET,NOT MET,,,,,,,,NOT MET,NOT MET,,,CURIOUS,,FRIEND,,NOT MET,,NOT MET,,NOT MET,,,NOT MET,NOT MET,NOT MET,NOT MET,NOT MET,,,ME !!!!,NOT MET,,CLOSE,,,,,NOT MET,,,NOT MET,,NOT MET
"991v1 ""V""",NOT MET,,NOT MET,,LIKE,,NOT MET,NOT MET,,,,NOT MET,,,NOT MET,,,,NOT MET,,,NOT MET,,,RESPECT,NOT MET,,RESPECT,,NOT MET,,NOT MET,,,,NOT MET,,INTRIGUED,NOT MET,NOT MET,,NOT MET,NOT MET,NOT MET,CLOSE,NOT MET,NOT MET,NOT MET,NOT MET,NOT MET,NOT MET,RESPECT,,UNSURE,NOT MET,NOT MET,NOT MET,NOT MET,NOT MET,NOT MET,NOT MET,,NOT MET,NOT MET,NOT MET,NOT MET,NOT MET,NOT MET,CLOSE,NOT MET,NOT MET,NOT MET,NOT MET,,NOT MET,NOT MET,NOT MET,,NOT MET,NOT MET,FRIEND,,,NOT MET,NOT MET,NOT MET,NOT MET,FRIEND,NOT MET,NOT MET,NOT MET,SELF,NOT MET,NOT MET,,,,,FINE,APATHETIC,APATHETIC,NOT MET,,FINE
VANDO,BEST FRIEND,LIKE,NOT MET,,NOT MET,LIKE,NOT MET,,BEST FRIEND,BEST FRIEND,,FRIEND,LIKE,,,LIKE,,SISTER-LIKE,LIKE,,,LIKE,FRIEND,,NOT MET,,,,,,,FRIEND,,LIKE,,,,,,BEST FRIEND,,LIKE,,,,FRIEND,,BEST FRIEND,,SORROW,,NOT MET,,LIKE,FRIEND,,,,,,,,SORRY,,,FRIEND,,,,,,SOULMATE,LIKE,BEST FRIEND,LIKE,LIKE,LIKE,BEST FRIEND,,,,,,,,,LIKE,,ANNOYED,,LIKE,,DISAPPOINTED,,,,,,,,,,LIKE,
Vega,CURIOUS,,NOT MET,,NOT MET,,,NOT MET,,,,LIKE,,,NOT MET,,,,LIKE,,,LIKE,,,FRIEND,CURIOUS,,NOT MET,,NOT MET,,,,,,,,NOT MET,CONFLICTED,,,,NOT MET,,NOT MET,,FRIEND,,,NOT MET,LIKE,NOT MET,,NOT MET,LIKE,,LIKE,,,LIKE,LIKE,,,,,,,,NOT MET,NOT MET,,,WARY,,CLOSE,,NOT MET,,NOT MET,,NOT MET,,,,NOT MET,NOT MET,LIKE,NOT MET,,,CLOSE,NOT MET,,Vega,,,,,NOT MET,,,INTRIGUED,,NOT MET
Victoria P.,RESPECT,NOT MET,NOT MET,NOT MET,NOT MET,NOT MET,NOT MET,NOT MET,NOT MET,NOT MET,NOT MET,AMUSED,NOT MET,NOT MET,NOT MET,FINE,NOT MET,RESPECT,RESPECT,NOT MET,NOT MET,FINE,AMUSED,NOT MET,NOT MET,NOT MET,NOT MET,NOT MET,BEST FRIEND,,,,,,,,,,,,,,,,,,,,,,,,,,,,,,,,,,,,,,,,,,,,,,,,,,,,,,,,,,,,,,,,,,,,,,,,,,,
Violet. M,NOT MET,NOT MET,NOT MET,NOT MET,NOT MET,NOT MET,CURIOUS,NOT MET,RESPECT,NOT MET,CURIOUS,NOT MET,NOT MET,NOT MET,NOT MET,NOT MET,,NOT MET,LIKE,NOT MET,,NOT MET,NOT MET,NOT MET,NOT MET,NOT MET,NOT MET,NOT MET,NOT MET,NOT MET,NOT MET,FOND,,,,NOT MET,,NOT MET,NOT MET,NOT MET,,NOT MET,NOT MET,NOT MET,NOT MET,RESPECT,INTRIGUED,NOT MET,NOT MET,CURIOUS,NOT MET,NOT MET,,NOT MET,NOT MET,NOT MET,NOT MET,NOT MET,NOT MET,NOT MET,NOT MET,,DISCOMFORT,NOT MET,FRIEND,NOT MET,NOT MET,NOT MET,NOT MET,NOT MET,NOT MET,AMUSED,CURIOUS,,NOT MET,NOT MET,NOT MET,NOT MET,NOT MET,NOT MET,NOT MET,,,NOT MET,NOT MET,NOT MET,NOT MET,NOT MET,NOT MET,NOT MET,NOT MET,NOT MET,NOT MET,NOT MET,,Me!,,,NOT MET,NOT MET,NOT MET,NOT MET,,NOT MET
Vyse A.,FRIEND,,,CURIOUS,,CURIOUS,,CLOSE,,INTRIGUED,,,,,,FOUND FAMILY,,CURIOUS,,,,,CURIOUS,,NOT MET,UNSURE,,,,INTRIGUED,,INTRIGUED,,,,,,,,,,,FRIEND,,,,,LIKE,,INTRIGUED,,,,,INTRIGUED,,,,,,,,,,,,,CURIOUS,,,INTRIGUED,CURIOUS,CAUTIOUS,,FRIEND,,CLOSE,,INTRIGUED,,,,,,,,FRIEND,,,,INTRIGUED,,,,,,SELF-LOATHING,,,,INTRIGUED,,,
WATCHDOG,,,,,,,,,,,,FOND,,,,,,,,,,,,,NOT MET,LIKE,,NOT MET,,,,,,,,,,,,,,,,,INTRIGUED,,NOT MET,,,,NOT MET,APATHETIC,,,NOT MET,,NOT MET,,,NOT MET,,,,,,,,,AMUSED,,,,,,,,,,,,,,,,FOND,,,CONFLICTED,,,,APATHETIC,,NOT MET,,,,,WATCHDOG,,,,,HATE
Wraith-01,,,,,,,,,,,,,,,,,,,,,,,,,NOT MET,,,,,,,,,,,,,,,,,,,,,,,,,,,NOT MET,,,,,,,,,,,,,,,,,,,,,,,,,,,,,,,,,,,,,,,,,,,,,,,,,,,,
Wraur,RESPECT,FRIEND,NOT MET,NOT MET,CAUTIOUS,NOT MET,NOT MET,NOT MET,RESPECT,BEST FRIEND,INTRIGUED,AMUSED,NOT MET,NOT MET,HOMIE!!!,UNEASY,,INTRIGUED,LIKE,LIKE,,CAUTIOUS,RESPECT,NOT MET,CAUTIOUS,NOT MET,NOT MET,WARY,NOT MET,LIKE,NOT MET,RESPECT,,,,NOT MET,,MIFFED,NOT MET,NOT MET,,INTRIGUED,NOT MET,NOT MET,I HATE YOU,RESPECT,NOT MET,LIKE,NOT MET,INTRIGUED,NOT MET,NOT MET,,FAMILIAL,LIKE,NOT MET,NOT MET,NOT MET,NOT MET,NOT MET,NOT MET,,INTRIGUED,NEW / KIND,NOT MET,NOT MET,NOT MET,FRIEND,WARY,NOT MET,INTRIGUED,NOT MET,FAMILIAL,,NOT MET,NOT MET,NOT MET,INTRIGUED,FRIEND,NOT MET,NOT MET,,,NOT MET,INTRIGUED,LIKE,NOT MET,♡ FRIEND,NOT MET,NOT MET,NOT MET,NOT MET,NOT MET,NOT MET,,NOT MET,INTRIGUED,,INTRIGUED,NOT MET,Who ?,NOT MET,,NOT MET
Xander,CURIOUS,NOT MET,INTRIGUED,NOT MET,NOT MET,,LIKE,NOT MET,RESPECT,NOT MET,CURIOUS,FOND,,NOT MET,NOT MET,,,RESPECT,NOT MET,NOT MET,,NOT MET,NOT MET,,LIKE,LIKE,,NOT MET,NOT MET,NOT MET,,CURIOUS,,,,,,NOT MET,NOT MET,NOT MET,,,NOT MET,FRIEND,NOT MET,RESPECT,NOT MET,INTRIGUED,NOT MET,INTRIGUED,INTRIGUED,NOT MET,,NOT MET,LIKE-FAMILY,,INTRIGUED,,NOT MET,NOT MET,LIKE,,NOT MET,,NOT MET,NOT MET,NOT MET,NOT MET,NOT MET,NOT MET,FRIEND,NOT MET,INTRIGUED,,NOT MET,NOT MET,NOT MET,NOT MET,FRIEND,NOT MET,NOT MET,,,FRIEND,NOT MET,NOT MET,LIKE,NOT MET,NOT MET,NOT MET,CURIOUS,NOT MET,CURIOUS,CURIOUS,,,,,CURIOUS,NOT MET,NOT MET,DISAPPOINTED,,NOT MET
Xeone,NOT MET,NOT MET,NOT MET,NOT MET,NOT MET,NOT MET,NOT MET,NOT MET,NOT MET,NOT MET,CURIOUS,CURIOUS,NOT MET,NOT MET,NOT MET,NOT MET,,CURIOUS,CURIOUS,CURIOUS,,NOT MET,NOT MET,NOT MET,NOT MET,NOT MET,NOT MET,NOT MET,NOT MET,CURIOUS,NOT MET,CURIOUS,,LOVE,,NOT MET,NOT MET,NOT MET,CURIOUS,NOT MET,,NOT MET,NOT MET,NOT MET,NOT MET,NOT MET,NOT MET,CURIOUS,CURIOUS,NOT MET,NOT MET,NOT MET,,NOT MET,RESPECT,NOT MET,NOT MET,NOT MET,NOT MET,NOT MET,NOT MET,,CURIOUS,NOT MET,NOT MET,NOT MET,NOT MET,NOT MET,NOT MET,NOT MET,CURIOUS,NOT MET,CONCERNED,NOT MET,NOT MET,NOT MET,NOT MET,NOT MET,CURIOUS,NOT MET,NOT MET,,,NOT MET,NOT MET,NOT MET,NOT MET,NOT MET,NOT MET,CURIOUS,NOT MET,NOT MET,CURIOUS,NOT MET,,NOT MET,NOT MET,,NOT MET,NOT MET,CURIOUS,NOT MET,UNSURE,NOT MET
ZL0,,,,,,,,,,,,TOLERATE,,,,,,,,,,,,,NOT MET,TOLERATE,,NOT MET,,,,,,,,,,,,,,,,,ANNOYED,,NOT MET,,,,NOT MET,NOT MET,,,NOT MET,,NOT MET,,,NOT MET,,,,,,,,,BORED,,,,,,,,,,,,,,,,LIKE,,,CONFLICTED,,,,NOT MET,,NOT MET,,,,,ANNOYED,,,,,ZL0